-- MySQL dump 10.13  Distrib 5.7.30, for Linux (x86_64)
--
-- Host: 127.0.0.1    Database: vk_full_update
-- ------------------------------------------------------
-- Server version	8.0.20

/*!40101 SET @OLD_CHARACTER_SET_CLIENT=@@CHARACTER_SET_CLIENT */;
/*!40101 SET @OLD_CHARACTER_SET_RESULTS=@@CHARACTER_SET_RESULTS */;
/*!40101 SET @OLD_COLLATION_CONNECTION=@@COLLATION_CONNECTION */;
/*!40101 SET NAMES utf8 */;
/*!40103 SET @OLD_TIME_ZONE=@@TIME_ZONE */;
/*!40103 SET TIME_ZONE='+00:00' */;
/*!40014 SET @OLD_UNIQUE_CHECKS=@@UNIQUE_CHECKS, UNIQUE_CHECKS=0 */;
/*!40014 SET @OLD_FOREIGN_KEY_CHECKS=@@FOREIGN_KEY_CHECKS, FOREIGN_KEY_CHECKS=0 */;
/*!40101 SET @OLD_SQL_MODE=@@SQL_MODE, SQL_MODE='NO_AUTO_VALUE_ON_ZERO' */;
/*!40111 SET @OLD_SQL_NOTES=@@SQL_NOTES, SQL_NOTES=0 */;

--
-- Table structure for table `communities`
--

DROP TABLE IF EXISTS `communities`;
/*!40101 SET @saved_cs_client     = @@character_set_client */;
/*!40101 SET character_set_client = utf8 */;
CREATE TABLE `communities` (
  `id` int unsigned NOT NULL AUTO_INCREMENT COMMENT '╨Ш╨┤╨╡╨╜╤В╨╕╤Д╨╕╨║╨░╤В╨╛╤А ╤Б╤А╨╛╨║╨╕',
  `name` varchar(150) CHARACTER SET utf8 COLLATE utf8_unicode_ci NOT NULL COMMENT '╨Э╨░╨╖╨▓╨░╨╜╨╕╨╡ ╨│╤А╤Г╨┐╨┐╤Л',
  `created_at` datetime DEFAULT CURRENT_TIMESTAMP COMMENT '╨Т╤А╨╡╨╝╤П ╤Б╨╛╨╖╨┤╨░╨╜╨╕╤П ╤Б╤В╤А╨╛╨║╨╕',
  `updated_at` datetime DEFAULT CURRENT_TIMESTAMP ON UPDATE CURRENT_TIMESTAMP COMMENT '╨Т╤А╨╡╨╝╤П ╨╛╨▒╨╜╨╛╨▓╨╗╨╡╨╜╨╕╤П ╤Б╤В╤А╨╛╨║╨╕',
  PRIMARY KEY (`id`),
  UNIQUE KEY `name` (`name`)
) ENGINE=InnoDB AUTO_INCREMENT=101 DEFAULT CHARSET=utf8 COLLATE=utf8_unicode_ci COMMENT='╨У╤А╤Г╨┐╨┐╤Л';
/*!40101 SET character_set_client = @saved_cs_client */;

--
-- Dumping data for table `communities`
--

LOCK TABLES `communities` WRITE;
/*!40000 ALTER TABLE `communities` DISABLE KEYS */;
INSERT INTO `communities` VALUES (1,'numquam','1994-01-27 11:50:39','1994-01-27 11:50:39'),(2,'necessitatibus','2002-01-02 07:11:44','2012-01-04 22:49:21'),(3,'molestias','1972-06-18 15:43:54','2000-11-06 09:34:03'),(4,'cum','1974-06-30 11:28:23','1990-06-07 22:36:17'),(5,'ducimus','1977-09-14 09:53:17','2017-09-03 13:53:33'),(6,'voluptatem','1991-03-24 17:52:11','1991-03-24 17:52:11'),(7,'quis','1980-06-16 14:10:40','2010-11-10 22:50:32'),(8,'ea','1996-09-03 16:49:06','1996-09-03 16:49:06'),(9,'aut','1999-01-01 18:22:49','2001-04-23 06:00:07'),(10,'aperiam','1976-09-26 06:41:26','2015-01-07 07:35:21'),(11,'consequatur','1991-08-13 18:22:06','2003-04-14 23:45:31'),(12,'sint','2017-11-25 19:17:57','2017-11-25 19:17:57'),(13,'porro','1996-10-22 23:33:49','1996-10-22 23:33:49'),(14,'quo','1972-04-07 19:39:51','1997-01-06 19:34:57'),(15,'animi','2014-01-15 06:22:34','2014-01-15 06:22:34'),(16,'ad','1988-12-31 21:45:09','1990-01-22 01:14:19'),(17,'quia','1996-07-21 21:06:03','1996-07-21 21:06:03'),(18,'est','1984-12-30 04:11:05','1996-01-16 15:02:46'),(19,'maiores','2003-02-22 07:24:18','2003-02-22 07:24:18'),(20,'eos','1972-11-27 07:57:02','2013-03-10 19:52:03');
/*!40000 ALTER TABLE `communities` ENABLE KEYS */;
UNLOCK TABLES;

--
-- Table structure for table `communities_users`
--

DROP TABLE IF EXISTS `communities_users`;
/*!40101 SET @saved_cs_client     = @@character_set_client */;
/*!40101 SET character_set_client = utf8 */;
CREATE TABLE `communities_users` (
  `community_id` int unsigned NOT NULL COMMENT '╨б╤Б╤Л╨╗╨║╨░ ╨╜╨░ ╨│╤А╤Г╨┐╨┐╤Г',
  `user_id` int unsigned NOT NULL COMMENT '╨б╤Б╤Л╨╗╨║╨░ ╨╜╨░ ╨┐╨╛╨╗╤М╨╖╨╛╨▓╨░╤В╨╡╨╗╤П',
  `created_at` datetime DEFAULT CURRENT_TIMESTAMP COMMENT '╨Т╤А╨╡╨╝╤П ╤Б╨╛╨╖╨┤╨░╨╜╨╕╤П ╤Б╤В╤А╨╛╨║╨╕',
  PRIMARY KEY (`community_id`,`user_id`) COMMENT '╨б╨╛╤Б╤В╨░╨▓╨╜╨╛╨╣ ╨┐╨╡╤А╨▓╨╕╤З╨╜╤Л╨╣ ╨║╨╗╤О╤З'
) ENGINE=InnoDB DEFAULT CHARSET=utf8 COLLATE=utf8_unicode_ci COMMENT='╨г╤З╨░╤Б╤В╨╜╨╕╨║╨╕ ╨│╤А╤Г╨┐╨┐, ╤Б╨▓╤П╨╖╤М ╨╝╨╡╨╢╨┤╤Г ╨┐╨╛╨╗╤М╨╖╨╛╨▓╨░╤В╨╡╨╗╤П╨╝╨╕ ╨╕ ╨│╤А╤Г╨┐╨┐╨░╨╝╨╕';
/*!40101 SET character_set_client = @saved_cs_client */;

--
-- Dumping data for table `communities_users`
--

LOCK TABLES `communities_users` WRITE;
/*!40000 ALTER TABLE `communities_users` DISABLE KEYS */;
INSERT INTO `communities_users` VALUES (1,10,'2018-12-26 19:19:16'),(1,40,'2000-07-09 02:12:10'),(1,90,'1973-04-05 01:58:14'),(1,92,'2007-09-23 02:28:45'),(1,97,'2016-03-15 14:30:36'),(1,100,'1974-08-23 14:31:39'),(2,25,'1990-06-08 18:01:24'),(2,41,'1970-07-26 04:36:46'),(2,51,'1974-02-11 11:27:19'),(2,74,'1993-12-19 16:02:28'),(2,77,'1992-05-14 10:38:24'),(2,85,'1993-09-04 01:58:53'),(3,4,'1993-04-09 23:36:18'),(3,31,'2011-01-06 13:53:56'),(3,39,'1978-04-09 14:44:47'),(3,58,'2013-06-28 23:16:38'),(3,74,'2014-11-04 13:38:10'),(3,84,'1970-04-11 21:34:52'),(3,97,'2009-06-19 15:29:03'),(4,21,'1991-07-15 02:28:44'),(4,50,'2002-03-03 17:11:57'),(5,10,'1975-01-24 04:42:31'),(5,46,'1974-09-17 20:05:49'),(5,51,'1984-04-26 04:05:05'),(5,75,'1981-12-24 22:57:15'),(5,90,'1995-02-10 09:44:32'),(6,5,'1998-08-20 16:38:58'),(6,23,'1984-03-04 06:57:19'),(6,31,'2017-07-18 19:00:25'),(6,58,'2011-04-29 00:27:30'),(6,59,'1988-06-01 04:39:32'),(6,62,'1995-04-15 00:14:25'),(6,77,'1994-05-15 07:17:59'),(6,89,'1979-12-04 04:57:09'),(6,100,'2018-05-24 04:43:25'),(7,63,'2007-11-14 14:55:48'),(8,14,'2000-08-05 06:05:01'),(8,39,'2001-02-05 10:20:36'),(8,41,'2002-06-28 17:46:59'),(8,48,'2013-12-07 22:19:14'),(8,60,'1972-07-01 23:04:46'),(9,38,'2002-11-12 09:15:03'),(9,44,'1971-11-20 12:28:39'),(9,51,'2019-04-18 08:30:45'),(9,73,'2003-04-07 01:02:46'),(9,75,'2017-08-09 11:14:17'),(9,86,'2013-08-01 01:03:19'),(10,13,'1975-08-17 13:39:57'),(10,21,'1978-02-04 15:39:53'),(10,22,'1991-10-23 09:23:46'),(10,32,'2008-03-25 22:45:31'),(10,43,'1987-03-18 15:14:07'),(10,55,'1994-08-25 13:28:45'),(10,96,'1971-07-30 22:41:52'),(11,79,'1980-02-21 05:37:06'),(11,91,'1997-09-17 03:09:20'),(11,94,'2005-05-13 01:50:01'),(12,13,'1994-01-31 07:19:11'),(12,30,'1976-04-02 11:24:55'),(12,41,'1986-04-01 14:25:33'),(12,55,'1976-11-26 12:33:56'),(12,78,'2018-08-15 01:26:28'),(13,29,'1976-08-18 20:03:27'),(13,91,'1978-04-16 23:59:14'),(14,13,'1981-03-20 18:24:47'),(14,56,'2003-07-05 03:44:12'),(14,83,'2006-03-22 17:57:56'),(15,20,'1999-07-11 09:19:25'),(15,53,'2017-11-09 20:37:17'),(15,91,'2019-09-19 12:58:36'),(16,20,'2008-11-15 02:46:54'),(16,50,'2002-08-14 18:32:11'),(16,77,'2019-12-04 16:31:02'),(16,88,'1997-02-23 00:24:33'),(17,29,'1994-07-09 03:31:30'),(17,38,'1970-12-27 03:52:59'),(17,54,'2002-09-15 04:14:10'),(17,73,'2014-04-25 12:32:53'),(17,86,'2017-07-20 01:16:31'),(18,15,'1979-06-06 22:37:22'),(18,17,'1984-04-11 17:01:12'),(18,42,'2007-03-16 08:18:45'),(18,47,'1981-12-23 01:39:44'),(18,83,'2011-11-03 21:31:02'),(18,90,'1995-04-12 05:43:56'),(19,11,'1992-04-20 17:37:16'),(19,21,'1998-01-15 01:06:45'),(19,77,'1978-01-17 08:28:48'),(19,91,'1974-03-23 14:39:21'),(19,97,'1996-08-01 04:36:09'),(20,6,'2011-02-11 23:00:36'),(20,13,'2007-05-10 15:19:23'),(20,22,'2019-09-20 19:17:27'),(20,44,'1980-08-13 08:35:41'),(20,50,'1985-01-18 18:47:30'),(20,57,'1980-09-21 10:53:15'),(20,62,'2009-05-19 04:15:44'),(20,85,'1982-06-12 20:08:19'),(20,91,'2013-12-24 16:58:27'),(20,93,'1982-04-12 14:23:13');
/*!40000 ALTER TABLE `communities_users` ENABLE KEYS */;
UNLOCK TABLES;

--
-- Table structure for table `friendship`
--

DROP TABLE IF EXISTS `friendship`;
/*!40101 SET @saved_cs_client     = @@character_set_client */;
/*!40101 SET character_set_client = utf8 */;
CREATE TABLE `friendship` (
  `user_id` int unsigned NOT NULL COMMENT '╨б╤Б╤Л╨╗╨║╨░ ╨╜╨░ ╨╕╨╜╨╕╤Ж╨╕╨░╤В╨╛╤А╨░ ╨┤╤А╤Г╨╢╨╡╤Б╨║╨╕╤Е ╨╛╤В╨╜╨╛╤И╨╡╨╜╨╕╨╣',
  `friend_id` int unsigned NOT NULL COMMENT '╨б╤Б╤Л╨╗╨║╨░ ╨╜╨░ ╨┐╨╛╨╗╤Г╤З╨░╤В╨╡╨╗╤П ╨┐╤А╨╕╨│╨╗╨░╤И╨╡╨╜╨╕╤П ╨┤╤А╤Г╨╢╨╕╤В╤М',
  `status_id` int unsigned NOT NULL COMMENT '╨б╤Б╤Л╨╗╨║╨░ ╨╜╨░ ╤Б╤В╨░╤В╤Г╤Б (╤В╨╡╨║╤Г╤Й╨╡╨╡ ╤Б╨╛╤Б╤В╨╛╤П╨╜╨╕╨╡) ╨╛╤В╨╜╨╛╤И╨╡╨╜╨╕╨╣',
  `confirmed_at` datetime DEFAULT NULL COMMENT '╨Т╤А╨╡╨╝╤П ╨┐╨╛╨┤╤В╨▓╨╡╤А╨╢╨┤╨╡╨╜╨╕╤П ╨┐╤А╨╕╨│╨╗╨░╤И╨╡╨╜╨╕╤П',
  `created_at` datetime DEFAULT CURRENT_TIMESTAMP COMMENT '╨Т╤А╨╡╨╝╤П ╤Б╨╛╨╖╨┤╨░╨╜╨╕╤П ╤Б╤В╤А╨╛╨║╨╕',
  `updated_at` datetime DEFAULT CURRENT_TIMESTAMP ON UPDATE CURRENT_TIMESTAMP COMMENT '╨Т╤А╨╡╨╝╤П ╨╛╨▒╨╜╨╛╨▓╨╗╨╡╨╜╨╕╤П ╤Б╤В╤А╨╛╨║╨╕',
  PRIMARY KEY (`user_id`,`friend_id`) COMMENT '╨б╨╛╤Б╤В╨░╨▓╨╜╨╛╨╣ ╨┐╨╡╤А╨▓╨╕╤З╨╜╤Л╨╣ ╨║╨╗╤О╤З'
) ENGINE=InnoDB DEFAULT CHARSET=utf8 COLLATE=utf8_unicode_ci COMMENT='╨в╨░╨▒╨╗╨╕╤Ж╨░ ╨┤╤А╤Г╨╢╨▒╤Л';
/*!40101 SET character_set_client = @saved_cs_client */;

--
-- Dumping data for table `friendship`
--

LOCK TABLES `friendship` WRITE;
/*!40000 ALTER TABLE `friendship` DISABLE KEYS */;
INSERT INTO `friendship` VALUES (1,7,2,'2020-06-16 13:05:47','2009-06-04 22:22:25','2020-06-16 13:05:47'),(1,84,3,NULL,'1999-03-05 16:58:01','2020-06-16 12:57:30'),(3,58,2,'2020-06-16 13:05:47','1974-02-13 20:22:52','2020-06-16 13:05:47'),(4,7,2,'2020-06-16 13:05:47','2016-09-23 12:07:59','2020-06-16 13:05:47'),(6,50,2,'2011-11-13 21:36:24','1972-11-01 18:05:35','2002-05-25 14:32:26'),(7,2,2,'2020-06-16 13:05:47','1973-08-06 15:53:05','2020-06-16 13:05:47'),(7,57,3,NULL,'2006-03-17 16:39:42','2020-06-16 12:57:30'),(8,55,1,NULL,'1986-08-15 04:22:26','2020-06-16 13:06:49'),(9,22,1,NULL,'1970-08-01 14:20:10','2020-06-16 12:57:30'),(11,74,2,'2020-06-16 13:05:47','2010-08-25 13:31:56','2020-06-16 13:05:47'),(12,90,2,'2020-06-16 13:05:47','2014-04-29 03:21:22','2020-06-16 13:05:47'),(15,89,3,NULL,'2011-11-11 20:57:40','2020-06-16 12:57:30'),(16,72,2,'1998-08-17 03:19:52','1990-10-03 03:43:43','1990-10-03 03:43:43'),(17,63,3,NULL,'1983-02-06 13:33:03','2020-06-16 12:57:30'),(18,12,1,NULL,'2017-10-30 19:42:07','2020-06-16 12:57:30'),(18,22,1,NULL,'2005-05-17 05:29:47','2020-06-16 13:06:49'),(19,5,1,NULL,'2013-01-02 15:57:49','2020-06-16 12:57:30'),(19,28,3,NULL,'2006-03-13 05:46:19','2020-06-16 12:57:30'),(21,63,3,NULL,'2006-03-18 10:31:49','2020-06-16 12:57:30'),(23,6,1,NULL,'2004-06-08 15:52:30','2020-06-16 12:57:30'),(26,60,3,NULL,'2018-03-26 06:28:35','2020-06-16 12:57:30'),(26,88,2,'2020-06-16 13:05:47','1992-12-06 14:21:02','2020-06-16 13:05:47'),(27,86,1,NULL,'1986-03-31 08:31:23','2020-06-16 12:57:30'),(28,67,2,'2020-06-16 13:05:47','1999-08-30 07:41:23','2020-06-16 13:05:47'),(31,35,3,NULL,'1986-02-18 06:04:18','2020-06-16 12:57:30'),(33,71,3,NULL,'1976-01-12 04:33:34','2020-06-16 12:57:30'),(34,72,2,'2020-06-16 13:05:47','1989-03-16 12:04:43','2020-06-16 13:05:47'),(35,27,2,'2020-06-16 13:05:47','1999-08-28 11:29:04','2020-06-16 13:05:47'),(35,52,2,'2020-06-16 13:05:47','2014-04-21 21:48:22','2020-06-16 13:05:47'),(35,60,2,'2020-06-16 13:05:47','2002-01-23 00:33:01','2020-06-16 13:05:47'),(35,69,2,'2020-06-16 13:05:47','1970-12-04 03:30:35','2020-06-16 13:05:47'),(36,22,1,NULL,'1992-12-07 19:32:10','2020-06-16 12:57:30'),(36,75,1,NULL,'1990-07-06 13:37:18','2020-06-16 12:57:30'),(37,87,2,'2020-06-16 13:05:47','1990-01-17 14:00:34','2020-06-16 13:05:47'),(38,98,3,NULL,'2001-10-01 13:38:42','2020-06-16 12:57:30'),(43,81,3,NULL,'2003-01-28 13:35:10','2020-06-16 12:57:30'),(44,11,2,'2020-06-16 13:05:47','2012-04-20 02:01:42','2020-06-16 13:05:47'),(45,26,1,NULL,'1970-03-19 01:02:53','2020-06-16 12:57:30'),(46,60,1,NULL,'2012-10-18 13:40:27','2020-06-16 12:57:30'),(47,24,1,NULL,'1973-07-31 13:52:20','2020-06-16 12:57:30'),(47,29,2,'2020-06-16 13:05:47','1983-11-22 01:54:55','2020-06-16 13:05:47'),(49,69,3,NULL,'2003-04-26 11:23:05','2020-06-16 12:57:30'),(49,71,3,NULL,'1999-12-23 07:06:09','2020-06-16 12:57:30'),(50,10,3,NULL,'1990-07-27 00:07:49','2020-06-16 12:57:30'),(50,50,3,NULL,'2004-09-09 16:49:20','2020-06-16 12:57:30'),(51,85,2,'2020-06-16 13:05:47','1973-09-04 09:55:07','2020-06-16 13:05:47'),(53,55,3,NULL,'1984-12-12 01:07:29','2020-06-16 12:57:30'),(54,24,1,NULL,'2006-03-02 13:50:53','2020-06-16 12:57:30'),(54,68,2,'2020-06-16 13:05:47','1971-02-04 12:54:00','2020-06-16 13:05:47'),(54,87,3,NULL,'1991-06-25 19:13:33','2020-06-16 12:57:30'),(55,36,2,'2020-06-16 13:05:47','1991-08-30 07:33:50','2020-06-16 13:05:47'),(55,51,2,'2012-05-29 10:44:00','1976-03-05 14:03:26','1997-08-01 23:57:31'),(56,75,1,NULL,'1979-08-04 17:33:41','2020-06-16 12:57:30'),(56,87,2,'2015-11-26 13:13:13','1994-10-08 21:56:17','1994-10-08 21:56:17'),(57,75,3,NULL,'2006-10-13 01:58:17','2020-06-16 12:57:30'),(58,63,3,NULL,'1975-11-20 21:30:57','2020-06-16 12:57:30'),(58,80,3,NULL,'1977-01-04 04:47:30','2020-06-16 12:57:30'),(62,84,2,'2020-06-16 13:05:47','2006-07-15 19:06:50','2020-06-16 13:05:47'),(63,98,3,NULL,'2013-04-15 03:51:17','2020-06-16 12:57:30'),(65,2,1,NULL,'2020-02-27 06:34:26','2020-06-16 12:57:30'),(65,11,3,NULL,'1975-02-04 19:30:29','2020-06-16 12:57:30'),(65,82,2,'2020-06-16 13:05:47','1978-08-06 00:06:53','2020-06-16 13:05:47'),(67,90,2,'2020-06-16 13:05:47','2003-03-19 15:54:20','2020-06-16 13:05:47'),(68,58,2,'2020-06-16 13:05:47','1979-02-10 09:01:13','2020-06-16 13:05:47'),(71,1,1,NULL,'1995-05-26 15:21:11','2020-06-16 12:57:30'),(72,16,1,NULL,'1998-05-01 02:55:50','2020-06-16 12:57:30'),(74,8,1,NULL,'2001-07-11 04:48:03','2020-06-16 12:57:30'),(75,36,2,'2020-06-16 13:05:47','2006-03-15 04:39:23','2020-06-16 13:05:47'),(75,61,2,'2020-06-16 13:05:47','1997-04-08 04:00:43','2020-06-16 13:05:47'),(80,5,1,NULL,'1976-11-27 08:03:13','2020-06-16 12:57:30'),(81,27,3,NULL,'2010-03-17 22:30:18','2020-06-16 12:57:30'),(81,45,1,NULL,'1981-10-03 09:22:54','2020-06-16 12:57:30'),(81,69,3,NULL,'1990-06-23 21:47:29','2020-06-16 12:57:30'),(81,77,1,NULL,'1992-09-04 21:15:21','2020-06-16 12:57:30'),(82,75,3,NULL,'1983-10-17 15:07:55','2020-06-16 12:57:30'),(83,34,3,NULL,'1999-02-05 10:28:15','2020-06-16 12:57:30'),(83,54,3,NULL,'1996-04-01 04:26:19','2020-06-16 12:57:30'),(84,31,3,NULL,'2005-07-18 15:22:47','2020-06-16 12:57:30'),(84,38,1,NULL,'2010-10-16 13:06:44','2020-06-16 12:57:30'),(85,6,1,NULL,'1988-11-15 06:06:16','2020-06-16 13:06:49'),(86,12,1,NULL,'1987-05-13 18:04:36','2020-06-16 12:57:30'),(86,39,1,NULL,'1999-12-11 13:23:20','2020-06-16 12:57:30'),(87,67,3,NULL,'1981-08-03 08:28:06','2020-06-16 12:57:30'),(88,8,1,NULL,'1977-04-09 17:05:39','2020-06-16 12:57:30'),(89,19,1,NULL,'1991-04-02 05:17:55','2020-06-16 13:06:49'),(89,80,3,NULL,'2011-02-20 09:45:58','2020-06-16 12:57:30'),(89,81,2,'2020-06-16 13:05:47','2009-11-28 06:31:17','2020-06-16 13:05:47'),(90,88,1,NULL,'2016-10-10 08:53:11','2020-06-16 12:57:30'),(91,16,2,'2020-06-16 13:05:47','1988-05-28 19:09:24','2020-06-16 13:05:47'),(92,57,1,NULL,'1982-03-12 10:18:04','2020-06-16 13:06:49'),(93,4,1,NULL,'1992-01-31 00:35:05','2020-06-16 12:57:30'),(93,21,1,NULL,'1986-05-09 10:16:51','2020-06-16 12:57:30'),(93,88,2,'2020-06-16 13:05:47','2006-10-27 22:05:08','2020-06-16 13:05:47'),(96,16,3,NULL,'1972-07-13 04:42:26','2020-06-16 12:57:30'),(96,49,3,NULL,'2009-05-11 21:20:49','2020-06-16 12:57:30'),(96,94,1,NULL,'1978-06-09 18:40:45','2020-06-16 12:57:30'),(97,43,1,NULL,'1970-02-19 09:54:19','2020-06-16 12:57:30'),(98,16,3,NULL,'1973-12-12 23:38:24','2020-06-16 12:57:30'),(98,83,2,'2020-06-16 13:05:47','1986-12-23 11:20:02','2020-06-16 13:05:47'),(100,5,1,NULL,'2006-03-30 05:35:51','2020-06-16 12:57:30');
/*!40000 ALTER TABLE `friendship` ENABLE KEYS */;
UNLOCK TABLES;

--
-- Table structure for table `friendship_statuses`
--

DROP TABLE IF EXISTS `friendship_statuses`;
/*!40101 SET @saved_cs_client     = @@character_set_client */;
/*!40101 SET character_set_client = utf8 */;
CREATE TABLE `friendship_statuses` (
  `id` int unsigned NOT NULL AUTO_INCREMENT COMMENT '╨Ш╨┤╨╡╨╜╤В╨╕╤Д╨╕╨║╨░╤В╨╛╤А ╤Б╤В╤А╨╛╨║╨╕',
  `name` varchar(150) CHARACTER SET utf8 COLLATE utf8_unicode_ci NOT NULL COMMENT '╨Э╨░╨╖╨▓╨░╨╜╨╕╨╡ ╤Б╤В╨░╤В╤Г╤Б╨░',
  `created_at` datetime DEFAULT CURRENT_TIMESTAMP COMMENT '╨Т╤А╨╡╨╝╤П ╤Б╨╛╨╖╨┤╨░╨╜╨╕╤П ╤Б╤В╤А╨╛╨║╨╕',
  `updated_at` datetime DEFAULT CURRENT_TIMESTAMP ON UPDATE CURRENT_TIMESTAMP COMMENT '╨Т╤А╨╡╨╝╤П ╨╛╨▒╨╜╨╛╨▓╨╗╨╡╨╜╨╕╤П ╤Б╤В╤А╨╛╨║╨╕',
  PRIMARY KEY (`id`),
  UNIQUE KEY `name` (`name`)
) ENGINE=InnoDB AUTO_INCREMENT=4 DEFAULT CHARSET=utf8 COLLATE=utf8_unicode_ci COMMENT='╨б╤В╨░╤В╤Г╤Б╤Л ╨┤╤А╤Г╨╢╨▒╤Л';
/*!40101 SET character_set_client = @saved_cs_client */;

--
-- Dumping data for table `friendship_statuses`
--

LOCK TABLES `friendship_statuses` WRITE;
/*!40000 ALTER TABLE `friendship_statuses` DISABLE KEYS */;
INSERT INTO `friendship_statuses` VALUES (1,'Requested','2020-06-16 12:33:22','2020-06-16 12:33:22'),(2,'Confirmed','2020-06-16 12:33:22','2020-06-16 12:33:22'),(3,'Rejected','2020-06-16 12:33:22','2020-06-16 12:33:22');
/*!40000 ALTER TABLE `friendship_statuses` ENABLE KEYS */;
UNLOCK TABLES;

--
-- Table structure for table `media`
--

DROP TABLE IF EXISTS `media`;
/*!40101 SET @saved_cs_client     = @@character_set_client */;
/*!40101 SET character_set_client = utf8 */;
CREATE TABLE `media` (
  `id` int unsigned NOT NULL AUTO_INCREMENT COMMENT '╨Ш╨┤╨╡╨╜╤В╨╕╤Д╨╕╨║╨░╤В╨╛╤А ╤Б╤В╤А╨╛╨║╨╕',
  `user_id` int unsigned NOT NULL COMMENT '╨б╤Б╤Л╨╗╨║╨░ ╨╜╨░ ╨┐╨╛╨╗╤М╨╖╨╛╨▓╨░╤В╨╡╨╗╤П, ╨║╨╛╤В╨╛╤А╤Л╨╣ ╨╖╨░╨│╤А╤Г╨╖╨╕╨╗ ╤Д╨░╨╣╨╗',
  `filename` varchar(255) CHARACTER SET utf8 COLLATE utf8_unicode_ci NOT NULL COMMENT '╨Я╤Г╤В╤М ╨║ ╤Д╨░╨╣╨╗╤Г',
  `size` int NOT NULL COMMENT '╨а╨░╨╖╨╝╨╡╤А ╤Д╨░╨╣╨╗╨░',
  `metadata` longtext CHARACTER SET utf8mb4 COLLATE utf8mb4_bin COMMENT '╨Ь╨╡╤В╨░╨┤╨░╨╜╨╜╤Л╨╡ ╤Д╨░╨╣╨╗╨░',
  `media_type_id` int unsigned NOT NULL COMMENT '╨б╤Б╤Л╨╗╨║╨░ ╨╜╨░ ╤В╨╕╨┐ ╨║╨╛╨╜╤В╨╡╨╜╤В╨░',
  `created_at` datetime DEFAULT CURRENT_TIMESTAMP COMMENT '╨Т╤А╨╡╨╝╤П ╤Б╨╛╨╖╨┤╨░╨╜╨╕╤П ╤Б╤В╤А╨╛╨║╨╕',
  `updated_at` datetime DEFAULT CURRENT_TIMESTAMP ON UPDATE CURRENT_TIMESTAMP COMMENT '╨Т╤А╨╡╨╝╤П ╨╛╨▒╨╜╨╛╨▓╨╗╨╡╨╜╨╕╤П ╤Б╤В╤А╨╛╨║╨╕',
  PRIMARY KEY (`id`),
  CONSTRAINT `media_chk_1` CHECK (json_valid(`metadata`))
) ENGINE=InnoDB AUTO_INCREMENT=101 DEFAULT CHARSET=utf8 COLLATE=utf8_unicode_ci COMMENT='╨Ь╨╡╨┤╨╕╨░╤Д╨░╨╣╨╗╤Л';
/*!40101 SET character_set_client = @saved_cs_client */;

--
-- Dumping data for table `media`
--

LOCK TABLES `media` WRITE;
/*!40000 ALTER TABLE `media` DISABLE KEYS */;
INSERT INTO `media` VALUES (1,85,'https://yandx.disc/vk/voluptatibus.png',20633,'{\"owner\":\"Vernon Monahan\"}',2,'1976-07-01 01:55:40','2020-06-16 12:27:26'),(2,85,'https://yandx.disc/vk/quae.mp3',75270263,'{\"owner\":\"Vernon Monahan\"}',1,'1999-05-01 01:20:42','2020-06-16 12:27:26'),(3,50,'https://yandx.disc/vk/ratione.mkv',78374,'{\"owner\":\"Cesar Gleichner\"}',3,'2007-12-07 15:56:10','2020-06-16 12:27:26'),(4,73,'https://yandx.disc/vk/quod.mp3',51701,'{\"owner\":\"Lewis Will\"}',1,'1972-01-29 03:35:46','2020-06-16 12:27:26'),(5,80,'https://yandx.disc/vk/accusamus.png',8839054,'{\"owner\":\"Mathias Klocko\"}',2,'2010-09-04 14:26:26','2020-06-16 12:27:26'),(6,17,'https://yandx.disc/vk/ut.mkv',28973,'{\"owner\":\"Arlene Boehm\"}',3,'2009-10-30 02:21:14','2020-06-16 12:27:26'),(7,33,'https://yandx.disc/vk/temporibus.mp3',6395403,'{\"owner\":\"Zion Reilly\"}',1,'2014-04-24 09:36:20','2020-06-16 12:27:26'),(8,8,'https://yandx.disc/vk/quae.png',64860705,'{\"owner\":\"Syble Brekke\"}',2,'1983-01-17 17:06:19','2020-06-16 12:27:26'),(9,45,'https://yandx.disc/vk/sequi.png',699338,'{\"owner\":\"Carter O\'Keefe\"}',2,'1970-10-02 09:11:06','2020-06-16 12:27:26'),(10,62,'https://yandx.disc/vk/autem.mkv',8744,'{\"owner\":\"Arnulfo Strosin\"}',3,'1979-01-20 19:08:12','2020-06-16 12:27:26'),(11,85,'https://yandx.disc/vk/suscipit.png',1015229,'{\"owner\":\"Vernon Monahan\"}',2,'1981-11-10 18:00:01','2020-06-16 12:27:26'),(12,99,'https://yandx.disc/vk/non.png',61888,'{\"owner\":\"Shanny Schuppe\"}',2,'1981-08-29 08:53:09','2020-06-16 12:27:26'),(13,64,'https://yandx.disc/vk/sed.mp3',9243434,'{\"owner\":\"Ludie Buckridge\"}',1,'2000-10-10 07:44:36','2020-06-16 12:27:26'),(14,88,'https://yandx.disc/vk/unde.mp3',828532,'{\"owner\":\"Alden Senger\"}',1,'1972-01-26 19:11:45','2020-06-16 12:27:26'),(15,54,'https://yandx.disc/vk/quam.png',9510719,'{\"owner\":\"Paige Collins\"}',2,'1976-02-26 01:54:48','2020-06-16 12:27:26'),(16,70,'https://yandx.disc/vk/inventore.png',55800,'{\"owner\":\"Annie McLaughlin\"}',2,'2016-11-14 15:30:44','2020-06-16 12:27:26'),(17,98,'https://yandx.disc/vk/rem.png',51769,'{\"owner\":\"Raven Prosacco\"}',2,'2000-02-21 15:50:26','2020-06-16 12:27:26'),(18,44,'https://yandx.disc/vk/totam.png',90447,'{\"owner\":\"Lavina Bradtke\"}',2,'1995-09-16 05:30:12','2020-06-16 12:27:26'),(19,35,'https://yandx.disc/vk/quod.mp3',95927,'{\"owner\":\"Lacy Bode\"}',1,'1973-03-27 20:43:33','2020-06-16 12:27:26'),(20,52,'https://yandx.disc/vk/at.mp3',7297,'{\"owner\":\"Louvenia Gorczany\"}',1,'2015-05-03 19:21:18','2020-06-16 12:27:26'),(21,50,'https://yandx.disc/vk/et.mkv',47702,'{\"owner\":\"Cesar Gleichner\"}',3,'1981-05-14 10:56:59','2020-06-16 12:27:26'),(22,97,'https://yandx.disc/vk/labore.mkv',15621,'{\"owner\":\"Sandra Brown\"}',3,'2009-02-02 04:58:15','2020-06-16 12:27:26'),(23,94,'https://yandx.disc/vk/cum.mp3',107398,'{\"owner\":\"Meagan Langosh\"}',1,'1982-09-16 21:55:09','2020-06-16 12:27:26'),(24,48,'https://yandx.disc/vk/temporibus.png',34000,'{\"owner\":\"Kenneth Casper\"}',2,'1989-05-14 04:33:54','2020-06-16 12:27:26'),(25,60,'https://yandx.disc/vk/et.mp3',22139,'{\"owner\":\"Richie Ferry\"}',1,'1996-04-01 05:20:31','2020-06-16 12:27:26'),(26,13,'https://yandx.disc/vk/voluptatum.png',96991,'{\"owner\":\"Ralph Herzog\"}',2,'2020-04-09 23:06:39','2020-06-16 12:27:26'),(27,44,'https://yandx.disc/vk/alias.mp3',67292362,'{\"owner\":\"Lavina Bradtke\"}',1,'2003-03-29 07:26:45','2020-06-16 12:27:26'),(28,80,'https://yandx.disc/vk/occaecati.mp3',9321192,'{\"owner\":\"Mathias Klocko\"}',1,'1983-04-17 22:07:25','2020-06-16 12:27:26'),(29,17,'https://yandx.disc/vk/sit.mkv',362818879,'{\"owner\":\"Arlene Boehm\"}',3,'1988-04-11 02:40:10','2020-06-16 12:27:26'),(30,41,'https://yandx.disc/vk/ipsa.mkv',7693,'{\"owner\":\"Ethan Pfeffer\"}',3,'1971-10-24 00:33:16','2020-06-16 12:27:26'),(31,8,'https://yandx.disc/vk/beatae.mp3',71051,'{\"owner\":\"Syble Brekke\"}',1,'2013-10-31 07:21:11','2020-06-16 12:27:26'),(32,8,'https://yandx.disc/vk/quo.mp3',31174,'{\"owner\":\"Syble Brekke\"}',1,'2004-02-09 19:32:16','2020-06-16 12:27:26'),(33,64,'https://yandx.disc/vk/culpa.png',41720,'{\"owner\":\"Ludie Buckridge\"}',2,'2015-01-18 10:56:22','2020-06-16 12:27:26'),(34,52,'https://yandx.disc/vk/natus.mkv',14079,'{\"owner\":\"Louvenia Gorczany\"}',3,'1981-05-12 12:16:14','2020-06-16 12:27:26'),(35,67,'https://yandx.disc/vk/adipisci.mp3',989698,'{\"owner\":\"Molly Jacobs\"}',1,'1995-01-29 09:08:00','2020-06-16 12:27:26'),(36,12,'https://yandx.disc/vk/repellat.mp3',52655203,'{\"owner\":\"Price Littel\"}',1,'1973-01-13 16:36:30','2020-06-16 12:27:26'),(37,72,'https://yandx.disc/vk/quia.mp3',4342593,'{\"owner\":\"Kareem Crist\"}',1,'2005-08-25 09:52:36','2020-06-16 12:27:26'),(38,99,'https://yandx.disc/vk/inventore.png',856672,'{\"owner\":\"Shanny Schuppe\"}',2,'1978-05-24 09:26:48','2020-06-16 12:27:26'),(39,12,'https://yandx.disc/vk/ratione.png',2980029,'{\"owner\":\"Price Littel\"}',2,'2016-10-26 22:44:33','2020-06-16 12:27:26'),(40,4,'https://yandx.disc/vk/sed.mkv',36599514,'{\"owner\":\"Aliyah Legros\"}',3,'1997-10-12 23:53:33','2020-06-16 12:27:26'),(41,55,'https://yandx.disc/vk/rerum.mp3',548178826,'{\"owner\":\"Camilla Braun\"}',1,'2002-01-25 13:24:40','2020-06-16 12:27:26'),(42,16,'https://yandx.disc/vk/modi.mkv',44235,'{\"owner\":\"Jackson Schumm\"}',3,'2005-04-15 14:32:36','2020-06-16 12:27:26'),(43,26,'https://yandx.disc/vk/labore.mkv',77938,'{\"owner\":\"Ceasar Gutkowski\"}',3,'2018-02-02 16:25:49','2020-06-16 12:27:26'),(44,7,'https://yandx.disc/vk/et.png',55985,'{\"owner\":\"Florence Kuhlman\"}',2,'2003-12-23 00:51:21','2020-06-16 12:27:26'),(45,64,'https://yandx.disc/vk/officia.png',1979490,'{\"owner\":\"Ludie Buckridge\"}',2,'1971-10-19 13:10:27','2020-06-16 12:27:26'),(46,12,'https://yandx.disc/vk/quia.mkv',615377820,'{\"owner\":\"Price Littel\"}',3,'1971-01-30 13:50:15','2020-06-16 12:27:26'),(47,57,'https://yandx.disc/vk/sapiente.mp3',60987,'{\"owner\":\"Orrin Stamm\"}',1,'1993-08-21 17:33:44','2020-06-16 12:27:26'),(48,76,'https://yandx.disc/vk/numquam.mp3',45111,'{\"owner\":\"Jaqueline Dooley\"}',1,'1970-01-06 02:34:20','2020-06-16 12:27:26'),(49,70,'https://yandx.disc/vk/excepturi.mp3',88424583,'{\"owner\":\"Annie McLaughlin\"}',1,'2016-09-18 02:19:08','2020-06-16 12:27:26'),(50,19,'https://yandx.disc/vk/illum.png',56601,'{\"owner\":\"Lora Kuhic\"}',2,'1998-02-25 20:14:09','2020-06-16 12:27:26'),(51,31,'https://yandx.disc/vk/voluptatem.mp3',46673,'{\"owner\":\"Jacklyn Dooley\"}',1,'2008-03-05 01:48:49','2020-06-16 12:27:26'),(52,52,'https://yandx.disc/vk/natus.mp3',62561,'{\"owner\":\"Louvenia Gorczany\"}',1,'1982-10-22 02:25:27','2020-06-16 12:27:26'),(53,39,'https://yandx.disc/vk/quis.png',3689,'{\"owner\":\"Art Lehner\"}',2,'1991-07-15 05:22:15','2020-06-16 12:27:26'),(54,67,'https://yandx.disc/vk/nihil.png',92146195,'{\"owner\":\"Molly Jacobs\"}',2,'1992-08-29 07:37:48','2020-06-16 12:27:26'),(55,96,'https://yandx.disc/vk/odit.mkv',36193,'{\"owner\":\"Vergie Cartwright\"}',3,'2015-08-31 18:59:38','2020-06-16 12:27:26'),(56,22,'https://yandx.disc/vk/id.png',71786,'{\"owner\":\"Skylar Durgan\"}',2,'1996-03-11 21:45:38','2020-06-16 12:27:26'),(57,86,'https://yandx.disc/vk/enim.png',92340,'{\"owner\":\"Montana VonRueden\"}',2,'1995-08-15 00:10:09','2020-06-16 12:27:26'),(58,49,'https://yandx.disc/vk/voluptatem.mp3',70248,'{\"owner\":\"Ignatius Wuckert\"}',1,'1997-10-28 17:30:48','2020-06-16 12:27:26'),(59,33,'https://yandx.disc/vk/mollitia.png',34882,'{\"owner\":\"Zion Reilly\"}',2,'1989-06-18 18:23:41','2020-06-16 12:27:26'),(60,54,'https://yandx.disc/vk/suscipit.mkv',797261354,'{\"owner\":\"Paige Collins\"}',3,'2005-11-12 23:07:19','2020-06-16 12:27:26'),(61,3,'https://yandx.disc/vk/tempora.png',752240186,'{\"owner\":\"Jovan Stroman\"}',2,'1990-03-26 02:51:56','2020-06-16 12:27:26'),(62,67,'https://yandx.disc/vk/nam.png',630415169,'{\"owner\":\"Molly Jacobs\"}',2,'1989-06-17 06:13:24','2020-06-16 12:27:26'),(63,84,'https://yandx.disc/vk/consequatur.png',62666,'{\"owner\":\"Tre Mosciski\"}',2,'1986-09-04 20:31:15','2020-06-16 12:27:26'),(64,80,'https://yandx.disc/vk/voluptatem.png',7685,'{\"owner\":\"Mathias Klocko\"}',2,'2007-08-20 14:00:22','2020-06-16 12:27:26'),(65,69,'https://yandx.disc/vk/sunt.mkv',6840680,'{\"owner\":\"Greg King\"}',3,'1984-03-13 18:45:40','2020-06-16 12:27:26'),(66,90,'https://yandx.disc/vk/cupiditate.mkv',49428,'{\"owner\":\"Virgie Stanton\"}',3,'1971-12-15 09:30:27','2020-06-16 12:27:26'),(67,29,'https://yandx.disc/vk/quam.png',23086,'{\"owner\":\"Carlee Shields\"}',2,'1978-10-28 19:30:01','2020-06-16 12:27:26'),(68,2,'https://yandx.disc/vk/et.mkv',508348561,'{\"owner\":\"Benjamin Mante\"}',3,'1981-12-10 06:39:51','2020-06-16 12:27:26'),(69,93,'https://yandx.disc/vk/nobis.mkv',17821342,'{\"owner\":\"Brett Lesch\"}',3,'1987-03-04 03:58:51','2020-06-16 12:27:26'),(70,18,'https://yandx.disc/vk/voluptatem.mkv',66148,'{\"owner\":\"Ivy Hilpert\"}',3,'2015-10-20 14:14:37','2020-06-16 12:27:26'),(71,39,'https://yandx.disc/vk/nemo.png',53181897,'{\"owner\":\"Art Lehner\"}',2,'2016-04-28 05:16:20','2020-06-16 12:27:26'),(72,39,'https://yandx.disc/vk/esse.mp3',772978057,'{\"owner\":\"Art Lehner\"}',1,'2005-12-31 15:40:58','2020-06-16 12:27:26'),(73,76,'https://yandx.disc/vk/autem.mkv',3363,'{\"owner\":\"Jaqueline Dooley\"}',3,'1978-11-02 03:28:14','2020-06-16 12:27:26'),(74,35,'https://yandx.disc/vk/est.mp3',6749,'{\"owner\":\"Lacy Bode\"}',1,'2005-08-31 23:22:53','2020-06-16 12:27:26'),(75,43,'https://yandx.disc/vk/aliquid.mkv',60480,'{\"owner\":\"Keara Effertz\"}',3,'2015-01-14 19:09:53','2020-06-16 12:27:26'),(76,4,'https://yandx.disc/vk/maiores.png',98253,'{\"owner\":\"Aliyah Legros\"}',2,'1986-07-02 12:41:57','2020-06-16 12:27:26'),(77,53,'https://yandx.disc/vk/exercitationem.mkv',131707,'{\"owner\":\"Haylee Howe\"}',3,'1985-07-27 23:59:19','2020-06-16 12:27:26'),(78,4,'https://yandx.disc/vk/labore.png',40345306,'{\"owner\":\"Aliyah Legros\"}',2,'2019-02-20 00:29:55','2020-06-16 12:27:26'),(79,11,'https://yandx.disc/vk/ipsum.mkv',184532850,'{\"owner\":\"Barney Klein\"}',3,'2020-05-30 12:05:19','2020-06-16 12:27:26'),(80,91,'https://yandx.disc/vk/qui.mkv',746060,'{\"owner\":\"Meta Parisian\"}',3,'1978-07-20 06:07:54','2020-06-16 12:27:26'),(81,81,'https://yandx.disc/vk/ut.mkv',4788189,'{\"owner\":\"Percival D\'Amore\"}',3,'1989-07-17 02:58:35','2020-06-16 12:27:26'),(82,78,'https://yandx.disc/vk/officiis.mp3',2956,'{\"owner\":\"Candice Marquardt\"}',1,'1989-04-21 07:52:28','2020-06-16 12:27:26'),(83,22,'https://yandx.disc/vk/enim.mkv',32339,'{\"owner\":\"Skylar Durgan\"}',3,'2008-03-30 17:51:38','2020-06-16 12:27:26'),(84,77,'https://yandx.disc/vk/quam.mp3',45908225,'{\"owner\":\"Ima Ortiz\"}',1,'2008-03-21 22:52:25','2020-06-16 12:27:26'),(85,47,'https://yandx.disc/vk/delectus.mkv',605593,'{\"owner\":\"Kenna Kuvalis\"}',3,'2013-05-23 09:56:10','2020-06-16 12:27:26'),(86,2,'https://yandx.disc/vk/nesciunt.mkv',51831,'{\"owner\":\"Benjamin Mante\"}',3,'2001-05-16 07:31:58','2020-06-16 12:27:26'),(87,34,'https://yandx.disc/vk/dicta.png',426648098,'{\"owner\":\"Olin Lueilwitz\"}',2,'1990-02-08 09:58:58','2020-06-16 12:27:26'),(88,9,'https://yandx.disc/vk/commodi.mp3',61137,'{\"owner\":\"Nils Jenkins\"}',1,'1983-11-16 00:03:26','2020-06-16 12:27:26'),(89,28,'https://yandx.disc/vk/omnis.png',49191,'{\"owner\":\"Brenna Fahey\"}',2,'2010-11-07 20:56:23','2020-06-16 12:27:26'),(90,17,'https://yandx.disc/vk/facilis.mkv',61547,'{\"owner\":\"Arlene Boehm\"}',3,'1986-01-03 12:48:37','2020-06-16 12:27:26'),(91,31,'https://yandx.disc/vk/praesentium.mp3',385935036,'{\"owner\":\"Jacklyn Dooley\"}',1,'2013-07-14 09:50:52','2020-06-16 12:27:26'),(92,15,'https://yandx.disc/vk/fugiat.mkv',59160,'{\"owner\":\"Santiago Ortiz\"}',3,'1972-11-28 23:10:50','2020-06-16 12:27:26'),(93,89,'https://yandx.disc/vk/laborum.mp3',3490964,'{\"owner\":\"Jaida Schneider\"}',1,'2015-07-26 12:35:59','2020-06-16 12:27:26'),(94,20,'https://yandx.disc/vk/ut.mkv',10163,'{\"owner\":\"Lafayette McGlynn\"}',3,'2012-05-17 17:44:08','2020-06-16 12:27:26'),(95,1,'https://yandx.disc/vk/rem.mp3',97395021,'{\"owner\":\"Jaime Jaskolski\"}',1,'1980-08-08 11:57:35','2020-06-16 12:27:26'),(96,79,'https://yandx.disc/vk/aliquid.mkv',72332,'{\"owner\":\"Xavier Nicolas\"}',3,'2001-08-26 19:52:28','2020-06-16 12:27:26'),(97,91,'https://yandx.disc/vk/animi.png',571321005,'{\"owner\":\"Meta Parisian\"}',2,'1982-07-18 01:55:23','2020-06-16 12:27:26'),(98,91,'https://yandx.disc/vk/dolorem.mp3',30174,'{\"owner\":\"Meta Parisian\"}',1,'2003-12-24 22:10:48','2020-06-16 12:27:26'),(99,35,'https://yandx.disc/vk/iste.mkv',91356,'{\"owner\":\"Lacy Bode\"}',3,'2019-07-30 04:07:33','2020-06-16 12:27:26'),(100,26,'https://yandx.disc/vk/minima.mkv',98426,'{\"owner\":\"Ceasar Gutkowski\"}',3,'2011-08-13 04:10:49','2020-06-16 12:27:26');
/*!40000 ALTER TABLE `media` ENABLE KEYS */;
UNLOCK TABLES;

--
-- Table structure for table `media_types`
--

DROP TABLE IF EXISTS `media_types`;
/*!40101 SET @saved_cs_client     = @@character_set_client */;
/*!40101 SET character_set_client = utf8 */;
CREATE TABLE `media_types` (
  `id` int unsigned NOT NULL AUTO_INCREMENT COMMENT '╨Ш╨┤╨╡╨╜╤В╨╕╤Д╨╕╨║╨░╤В╨╛╤А ╤Б╤В╤А╨╛╨║╨╕',
  `name` varchar(255) CHARACTER SET utf8 COLLATE utf8_unicode_ci NOT NULL COMMENT '╨Э╨░╨╖╨▓╨░╨╜╨╕╨╡ ╤В╨╕╨┐╨░',
  `created_at` datetime DEFAULT CURRENT_TIMESTAMP COMMENT '╨Т╤А╨╡╨╝╤П ╤Б╨╛╨╖╨┤╨░╨╜╨╕╤П ╤Б╤В╤А╨╛╨║╨╕',
  `updated_at` datetime DEFAULT CURRENT_TIMESTAMP ON UPDATE CURRENT_TIMESTAMP COMMENT '╨Т╤А╨╡╨╝╤П ╨╛╨▒╨╜╨╛╨▓╨╗╨╡╨╜╨╕╤П ╤Б╤В╤А╨╛╨║╨╕',
  PRIMARY KEY (`id`),
  UNIQUE KEY `name` (`name`)
) ENGINE=InnoDB AUTO_INCREMENT=4 DEFAULT CHARSET=utf8 COLLATE=utf8_unicode_ci COMMENT='╨в╨╕╨┐╤Л ╨╝╨╡╨┤╨╕╨░╤Д╨░╨╣╨╗╨╛╨▓';
/*!40101 SET character_set_client = @saved_cs_client */;

--
-- Dumping data for table `media_types`
--

LOCK TABLES `media_types` WRITE;
/*!40000 ALTER TABLE `media_types` DISABLE KEYS */;
INSERT INTO `media_types` VALUES (1,'audio','1987-11-14 21:58:39','2015-09-25 22:47:41'),(2,'image','2001-12-20 09:46:06','2001-12-20 09:46:06'),(3,'video','1974-05-11 18:06:54','2003-02-25 18:51:16');
/*!40000 ALTER TABLE `media_types` ENABLE KEYS */;
UNLOCK TABLES;

--
-- Table structure for table `messages`
--

DROP TABLE IF EXISTS `messages`;
/*!40101 SET @saved_cs_client     = @@character_set_client */;
/*!40101 SET character_set_client = utf8 */;
CREATE TABLE `messages` (
  `id` int unsigned NOT NULL AUTO_INCREMENT COMMENT '╨Ш╨┤╨╡╨╜╤В╨╕╤Д╨╕╨║╨░╤В╨╛╤А ╤Б╤В╤А╨╛╨║╨╕',
  `from_user_id` int unsigned NOT NULL COMMENT '╨б╤Б╤Л╨╗╨║╨░ ╨╜╨░ ╨╛╤В╨┐╤А╨░╨▓╨╕╤В╨╡╨╗╤П ╤Б╨╛╨╛╨▒╤Й╨╡╨╜╨╕╤П',
  `to_user_id` int unsigned NOT NULL COMMENT '╨б╤Б╤Л╨╗╨║╨░ ╨╜╨░ ╨┐╨╛╨╗╤Г╤З╨░╤В╨╡╨╗╤П ╤Б╨╛╨╛╨▒╤Й╨╡╨╜╨╕╤П',
  `body` text CHARACTER SET utf8 COLLATE utf8_unicode_ci NOT NULL COMMENT '╨в╨╡╨║╤Б╤В ╤Б╨╛╨╛╨▒╤Й╨╡╨╜╨╕╤П',
  `media_id` int DEFAULT NULL,
  `is_important` tinyint(1) DEFAULT NULL COMMENT '╨Я╤А╨╕╨╖╨╜╨░╨║ ╨▓╨░╨╢╨╜╨╛╤Б╤В╨╕',
  `is_delivered` tinyint(1) DEFAULT NULL COMMENT '╨Я╤А╨╕╨╖╨╜╨░╨║ ╨┤╨╛╤Б╤В╨░╨▓╨║╨╕',
  `created_at` datetime DEFAULT CURRENT_TIMESTAMP COMMENT '╨Т╤А╨╡╨╝╤П ╤Б╨╛╨╖╨┤╨░╨╜╨╕╤П ╤Б╤В╤А╨╛╨║╨╕',
  PRIMARY KEY (`id`)
) ENGINE=InnoDB AUTO_INCREMENT=101 DEFAULT CHARSET=utf8 COLLATE=utf8_unicode_ci COMMENT='╨б╨╛╨╛╨▒╤Й╨╡╨╜╨╕╤П';
/*!40101 SET character_set_client = @saved_cs_client */;

--
-- Dumping data for table `messages`
--

LOCK TABLES `messages` WRITE;
/*!40000 ALTER TABLE `messages` DISABLE KEYS */;
INSERT INTO `messages` VALUES (1,21,24,'Quis eum eos ea in quisquam voluptas. Voluptatem modi exercitationem optio harum similique. Commodi rerum qui enim dolore eveniet dolorem.',80,1,1,'2019-08-04 01:14:28'),(2,46,49,'Aliquam qui corrupti id. Temporibus quas quo minus vel nam nostrum aliquam. Quas laboriosam consectetur ut eveniet illum molestias animi. Dolor consequatur iusto est quia modi sit qui.',NULL,1,0,'2019-08-09 05:49:51'),(3,96,63,'Inventore excepturi perspiciatis quo doloremque accusantium. Aut et dolorem doloribus necessitatibus odit. Reprehenderit suscipit qui alias iusto nihil dolor aut. Aut quibusdam est aut aut.',54,1,1,'2005-11-14 21:16:01'),(4,86,98,'Reprehenderit sint reiciendis cumque voluptatem porro et veritatis. Nostrum ratione voluptatem nulla est. Tenetur sint voluptas deleniti molestiae iure.',NULL,1,1,'1991-04-10 08:10:18'),(5,64,79,'Et molestiae quia non explicabo. Et illum porro voluptas dolores aut et iste minima. Cupiditate ratione deleniti autem amet esse. Sint ipsam dignissimos sed assumenda.',NULL,0,0,'2005-11-09 13:33:38'),(6,27,86,'Harum nostrum aut modi voluptatem eius. Pariatur dignissimos libero incidunt libero occaecati. Ullam ea iure ex ab. Quia magni repudiandae minus recusandae suscipit dolores nulla. Nam accusantium qui quia.',NULL,1,0,'2017-10-13 07:45:46'),(7,16,5,'Placeat pariatur ut et provident autem dolorem quo. Ex labore rerum voluptas amet. Officia nihil omnis quisquam nemo.',NULL,1,1,'1983-05-02 11:00:36'),(8,93,40,'Mollitia et numquam adipisci occaecati et officia. Est tempora reprehenderit tempora est qui est vero. Omnis et voluptatem esse commodi.',NULL,0,1,'1989-01-04 22:46:46'),(9,36,95,'Sed enim dignissimos provident velit excepturi voluptatem cumque. Sunt labore alias unde odio dicta sit ipsum sunt. Maxime aut est maxime id sunt vero.',NULL,1,1,'1995-12-17 00:13:20'),(10,82,77,'Itaque laborum aut illo consequatur. Ea omnis repellat autem sed officiis similique. Qui rerum provident eum. Consequatur eaque est tempora porro provident nihil architecto.',NULL,1,0,'2002-04-02 01:26:17'),(11,82,70,'Perferendis voluptas quisquam illum aut est. Repellat magnam quis nulla non qui autem error debitis. Sint perferendis mollitia similique dicta voluptas occaecati. Adipisci est et molestias provident sunt ipsa praesentium. Nam cupiditate porro nihil aut at eligendi modi.',91,0,0,'1995-06-24 13:48:44'),(12,36,78,'Inventore animi rerum eaque. Nulla libero labore nihil dicta voluptates. Voluptatum ab ipsum illo ipsum.',NULL,1,0,'2001-09-28 13:52:04'),(13,94,85,'Veritatis aut dolor ad velit nostrum. Enim dolorem dicta ut autem nisi. Dolores voluptatem molestias qui ut cupiditate.',NULL,1,1,'1986-11-16 05:13:13'),(14,31,9,'Doloribus provident nihil qui quod quo. Repellendus fugit voluptatem dicta hic eum in molestias dolor. Deserunt ut laborum enim et corrupti.',NULL,1,1,'2013-03-13 04:27:15'),(15,3,9,'Minima ut dolore aut ut. Ex voluptatibus unde harum excepturi.',NULL,1,1,'1986-07-13 08:45:31'),(16,64,23,'Hic aut hic est consequatur. Distinctio id quia reprehenderit assumenda. Autem nihil a voluptatem eos consequuntur neque maxime. Doloremque sit sapiente unde omnis.',38,1,0,'2016-05-29 19:18:10'),(17,33,10,'Deleniti corporis fuga cupiditate ipsam. Reiciendis aut iste nihil rerum. Eos eos quis asperiores odio. Cupiditate soluta reprehenderit iste unde recusandae.',27,1,0,'1997-07-27 11:14:02'),(18,72,28,'In beatae harum nostrum assumenda consectetur magnam aperiam. Nobis ab molestias occaecati ullam et. Non ex dolorum cumque quo nulla quo magnam. Optio odio unde rerum officiis aut.',NULL,1,1,'2008-12-21 08:32:08'),(19,73,57,'Tempora officiis placeat quibusdam odio rerum consectetur id excepturi. Et aut voluptatum veniam. Harum consectetur enim atque dicta. Sapiente dolores aut doloremque et ut velit aut.',NULL,0,0,'1983-12-02 17:29:34'),(20,25,36,'Maiores iste consectetur facilis rerum inventore ea id. Velit ullam libero nobis rerum soluta voluptatum. Rerum illum ipsa accusamus qui mollitia magnam quia asperiores.',29,1,1,'1985-11-08 19:22:43'),(21,36,52,'Incidunt vel voluptatum in quos praesentium veritatis minima. Quisquam culpa asperiores minima repudiandae. Soluta quia animi reiciendis vel qui ipsum quia.',NULL,1,1,'2016-11-12 21:28:53'),(22,22,51,'Voluptatum delectus aperiam nihil qui itaque sint alias. Et rem praesentium quidem dignissimos non. Nesciunt omnis aut ratione harum omnis rerum et.',83,1,1,'1990-04-25 02:17:27'),(23,56,14,'Quaerat nisi amet officia rerum similique. Sunt commodi tenetur voluptas repellat. Excepturi qui aperiam quo dolores et.',NULL,1,0,'1973-04-07 17:51:30'),(24,91,92,'Harum et illo temporibus inventore et. At aut vel magni. Dolor aspernatur maxime voluptate tenetur.',NULL,1,0,'2014-11-19 14:16:45'),(25,50,73,'In molestiae quaerat molestiae nisi aspernatur. Neque numquam possimus laborum qui et. Quo quo quia impedit architecto. Consectetur ex nihil ut quibusdam.',NULL,0,1,'2000-10-13 17:17:26'),(26,69,32,'Nisi rerum pariatur optio voluptatem natus assumenda non maxime. Velit doloribus veritatis temporibus voluptate excepturi. Velit ratione tenetur adipisci minima non dignissimos reiciendis. Doloribus aperiam eos nihil omnis ut consequuntur. Ullam numquam eaque modi autem reprehenderit.',NULL,0,0,'1983-06-06 19:57:15'),(27,43,4,'Quo est ut qui non. Est magnam sunt deleniti dolor ipsam et iure. Perspiciatis et et beatae soluta ipsam similique expedita.',NULL,1,0,'2010-11-09 04:42:02'),(28,9,36,'Quasi impedit blanditiis aut et. Eos deserunt dolor quis doloribus culpa. Quae distinctio et est voluptatem eum dolorem. Enim blanditiis quis vel adipisci neque enim.',82,1,0,'1972-05-15 21:18:27'),(29,88,40,'Eveniet dignissimos et et rerum dignissimos soluta repellendus autem. Possimus aspernatur delectus dignissimos qui fuga eum. Sunt magnam dolorum ut quo occaecati. Quidem molestiae sit doloremque nisi nostrum voluptas. Eos deserunt et aspernatur dolor commodi nulla.',41,0,0,'1972-05-28 01:14:45'),(30,44,91,'Qui in et id in. Nihil repudiandae qui omnis quae vitae alias. Dolorem esse aperiam reprehenderit itaque natus atque atque.',45,1,1,'1980-04-08 12:40:50'),(31,49,8,'Quo repellat enim culpa ut. Voluptas omnis debitis eum eveniet similique iure dicta quia. Excepturi dolores aspernatur molestias laboriosam pariatur cupiditate. Temporibus sed molestias minus.',28,1,1,'1998-08-15 06:10:48'),(32,13,81,'Non sed voluptatibus inventore reprehenderit. Rerum accusamus voluptates repellat beatae inventore consequatur. Quod expedita est natus dolorem. Odit sed qui earum et facilis fugiat nulla.',62,0,1,'1972-12-12 21:13:10'),(33,18,85,'At reiciendis cupiditate amet veritatis quidem. Facilis quas beatae qui commodi et quidem. Amet sint totam id vero consequatur consectetur tempora alias. Voluptates non eos consectetur quisquam.',NULL,0,1,'1980-08-09 20:52:59'),(34,8,90,'Commodi facilis incidunt quo rerum vel dolorem voluptas repudiandae. Ea voluptatibus et eligendi optio rerum. Quod voluptatem non impedit aspernatur consequuntur expedita. Est porro non iusto. Dolore nisi voluptas in explicabo sapiente sed suscipit rerum.',NULL,0,0,'2006-02-04 16:01:25'),(35,41,33,'Cupiditate dolores ut vel vitae. Ab sed accusamus est quia corrupti. Iusto molestiae pariatur consequatur est iure et nostrum. A nesciunt distinctio aut adipisci consequuntur ut.',NULL,1,1,'1973-12-01 07:17:31'),(36,26,77,'Deserunt voluptatem voluptatem aut cumque cum est provident. Cupiditate aliquam repellendus iste sunt beatae sed. Et et aut aut dolore. Nihil quia architecto sapiente vero.',NULL,0,1,'1994-01-10 21:45:01'),(37,84,47,'Temporibus nisi qui nisi provident est alias iusto aperiam. Occaecati consequatur dignissimos consequatur rerum minima nesciunt. Quibusdam cupiditate rerum ut ut est rerum. Et commodi est quia nihil.',94,1,0,'2008-11-17 13:17:48'),(38,28,40,'Autem pariatur ea voluptas repellendus placeat. Aliquam ea commodi consequatur quo dolorum aperiam officia. Minima et nihil ut exercitationem placeat veritatis.',NULL,1,1,'2007-02-07 18:43:30'),(39,60,18,'Et sint quis voluptatem sit. In eius quibusdam beatae. Consequuntur unde et cumque autem et ipsum.',NULL,1,0,'1999-07-18 01:53:39'),(40,32,10,'Sint iste fugit ut autem repellendus alias molestiae. Dolorum dolores sit et optio quasi quae soluta molestiae. Consectetur officiis quo est officia temporibus blanditiis ipsum. Illo enim ut accusamus ea.',NULL,0,1,'2010-08-06 21:25:53'),(41,90,100,'Et vitae autem sed delectus maxime ex aliquid. Deserunt totam ducimus delectus sed nesciunt sit facilis. Quas earum dolorem amet nemo laborum.',9,0,0,'2019-05-24 08:33:33'),(42,42,32,'Laboriosam dicta asperiores aspernatur voluptates qui. Nihil ducimus numquam facilis excepturi repellendus quia. Dolor eos dolorem natus.',NULL,0,1,'1981-07-16 02:50:52'),(43,3,51,'Autem et veniam magni voluptatum. Dolores reiciendis temporibus iste dolor sed recusandae quia. Perferendis ratione rerum dignissimos rerum.',NULL,1,1,'1982-11-05 17:49:34'),(44,68,91,'Quia aut harum non corporis. Neque sed sunt aut eum rem ex et. Tempora voluptatem officia commodi iste. Rerum consequatur velit ipsa occaecati non veritatis.',NULL,0,1,'1996-10-20 07:30:35'),(45,90,12,'Qui itaque est impedit ut. Quam voluptatem quam assumenda cum. Aut sit vero quas fugiat dignissimos maxime dignissimos. Ducimus debitis qui quia minima dolorum est.',NULL,1,1,'1972-12-03 13:28:15'),(46,81,38,'Exercitationem commodi quae molestiae qui. Iste autem ab pariatur earum nam laboriosam. Quis nisi error velit. Deleniti facilis magni minus veritatis nulla corrupti omnis qui.',NULL,1,1,'2011-12-14 08:27:39'),(47,19,94,'Adipisci eaque commodi consequatur quod omnis libero perspiciatis. Ab sunt aut omnis aut laudantium. Pariatur a ex repudiandae tenetur alias perferendis.',70,1,1,'2013-12-30 18:23:19'),(48,19,36,'Possimus assumenda ut in esse molestiae. Ea necessitatibus asperiores numquam veritatis consequatur explicabo ipsam. Praesentium facere et numquam officiis aut voluptates ratione.',NULL,0,0,'1990-06-23 19:04:59'),(49,78,26,'Molestias corporis et tenetur nam omnis dolorum est. Enim dolorem et minus esse praesentium. In vero illum id fuga enim. Consequatur quia non aperiam tempore harum quia reprehenderit.',NULL,0,0,'2005-11-29 03:45:37'),(50,26,19,'Autem consectetur deleniti voluptatum enim. Impedit ex quod nihil doloribus. Eaque et recusandae enim molestiae.',NULL,0,1,'1990-05-26 02:53:47'),(51,59,51,'Voluptas nulla iste nesciunt iste dolorum aspernatur earum. Magnam sed dolores recusandae et accusantium quidem et.',17,0,1,'1974-08-14 13:00:08'),(52,95,43,'Doloribus consequatur id et enim et repellat sit aut. Hic enim placeat alias qui suscipit esse a quo. Mollitia cumque et est nam ab tenetur. Aut quia tempora rem.',NULL,1,1,'1971-11-09 07:27:18'),(53,97,23,'Facilis quia unde vero dolorem accusantium. Voluptatem minima consectetur quod ad. Laborum molestiae libero dolor assumenda laboriosam blanditiis delectus.',48,1,1,'2004-08-25 22:09:53'),(54,83,57,'Impedit aspernatur eaque aliquid provident impedit sit debitis at. Sequi aut corrupti recusandae et. Repellendus harum iste minima et cupiditate dicta.',NULL,1,0,'2008-03-20 11:59:35'),(55,40,14,'Fuga sint quia beatae qui sit unde. Voluptate eos distinctio molestiae voluptates ut. Veritatis sunt ipsam consequuntur voluptatum voluptatem est. Repellat ipsum et quidem numquam tenetur sed aut est.',NULL,0,0,'1987-12-30 01:16:29'),(56,66,30,'Doloremque repellat quis quos voluptas. Suscipit aut quis est recusandae et voluptatem. Rerum sed itaque voluptas fuga eum. Necessitatibus et est velit molestiae eos.',NULL,0,1,'1983-04-30 06:22:20'),(57,13,7,'Dicta dolorum illum mollitia dignissimos eaque. Facere itaque aut voluptatem sed excepturi officiis fuga. Magnam illo tempora accusantium aliquam ut ut. Officiis corrupti possimus vitae et quibusdam ut dignissimos. Voluptatem quasi omnis perspiciatis quia.',NULL,0,0,'1987-03-14 19:06:52'),(58,62,16,'Repellendus dolorem minus omnis. Qui quis alias sint eos. Rerum non recusandae numquam repellendus. Et harum delectus repudiandae et harum nemo ab.',NULL,1,1,'1977-10-17 16:13:29'),(59,58,29,'Rerum sit aut et odit minus et omnis. Eos unde possimus et molestiae voluptatem. Sit dicta quam sint et illum itaque vel.',NULL,1,1,'2014-03-27 01:02:36'),(60,6,47,'Autem pariatur mollitia dolorem. Enim sapiente qui exercitationem vel est voluptatem. Architecto in iusto molestiae quia et quis officia. Inventore praesentium at quia quam ut amet.',NULL,1,1,'2014-08-19 17:32:15'),(61,41,87,'Veniam cum nulla ad recusandae quis velit deleniti. Officiis a ducimus tempore et eveniet at. Unde porro aut quo blanditiis dolorum.',66,1,0,'1992-12-08 18:46:28'),(62,85,59,'Quis pariatur possimus deleniti. Qui natus ad voluptas officiis totam nihil nulla.',NULL,1,1,'2005-12-16 17:30:53'),(63,80,3,'Vel dolore in vitae unde. Culpa quam aut eum. Repellendus neque nobis ut repellat vero quisquam. Enim quaerat temporibus ullam sit quam at unde.',NULL,0,0,'2017-05-30 20:16:18'),(64,95,58,'Non dicta qui repudiandae laborum at ut. Debitis consectetur minima mollitia at vel. Modi et et a corporis id nobis.',NULL,1,1,'1972-06-19 01:38:50'),(65,29,20,'Ut veniam sit voluptas consequuntur neque nam ab. Facere iste nihil nam quia. Ab cum aut sit unde voluptatem. Maxime soluta quae beatae incidunt eius natus.',86,1,1,'1997-11-23 23:45:35'),(66,76,87,'Saepe possimus quidem nostrum et. Fugiat quo vero laudantium nemo qui natus minima in.',NULL,0,1,'2006-03-18 17:23:07'),(67,70,71,'Qui numquam velit nam quam et error error accusantium. Id cupiditate dolor accusantium et. Provident distinctio eum ratione voluptas commodi. Earum iste sunt esse id nobis et aliquid consequuntur. Voluptatibus et dicta architecto omnis est maxime cumque quo.',NULL,1,1,'2000-01-19 01:50:26'),(68,29,66,'Ut doloribus eos modi earum. Et aut architecto est. Fugiat nemo quia sit quod aut omnis quia.',NULL,1,0,'1981-04-11 09:14:34'),(69,93,11,'Totam vero quam nihil accusantium dolor cumque. Inventore at corrupti qui quis.',8,0,1,'1972-03-03 01:29:40'),(70,23,32,'Ad velit amet qui vero laborum voluptatum numquam aut. Sed et placeat dolorem voluptatum ea itaque. Voluptates suscipit est ut voluptas saepe. Natus aut ea esse similique dolores delectus rem sunt.',33,1,1,'1986-03-20 18:34:53'),(71,25,88,'Et est et molestiae incidunt quo velit et totam. Aut vero quis aut ullam esse iure velit sunt.',NULL,0,1,'2011-07-19 16:25:17'),(72,62,37,'Commodi in enim autem unde molestias. A sint dolores molestiae adipisci facere commodi magni. Rem magnam cum voluptate modi dolorem. Blanditiis rem eaque ut in doloremque. Modi nisi culpa numquam dolorem sed officiis.',NULL,0,0,'1987-09-15 20:38:24'),(73,95,23,'Aperiam ab deserunt rem maxime. Debitis adipisci praesentium omnis eaque expedita. Hic recusandae et ut omnis accusamus dolores ut. Eveniet rerum voluptatem voluptatem.',NULL,0,1,'1975-11-27 05:38:17'),(74,53,52,'Fuga est quaerat ab vitae dolorem excepturi qui. Accusamus ad libero quibusdam id velit aspernatur. Non quae aut facere reprehenderit voluptatem laborum veritatis. Eum tempore omnis optio ullam quidem sit natus.',NULL,0,1,'2008-10-23 16:13:53'),(75,52,59,'Perspiciatis eum delectus tempore incidunt rerum eius. Sequi quia vero at ad quia ut. Et quibusdam sed reprehenderit sed accusamus repellendus facere. Nemo quo ducimus sint architecto.',NULL,0,0,'1971-12-07 12:57:24'),(76,99,93,'Nihil distinctio voluptatibus aut beatae aperiam. Voluptatem possimus eius quibusdam reprehenderit ipsum tempore ex. Quasi aut doloribus non omnis deleniti.',83,1,1,'2011-06-19 19:52:24'),(77,45,83,'Recusandae asperiores inventore ab iusto. Quas id saepe ducimus vitae ipsum. Est ducimus laborum voluptatem facilis.',73,1,0,'1991-05-29 06:26:20'),(78,51,25,'Quasi placeat rerum harum officiis. Sed ea expedita in dolorum rerum aut ullam.',NULL,1,0,'1975-02-06 09:17:39'),(79,86,46,'Libero et sit vel excepturi quo. Quam esse quae eum vitae eum.',12,0,1,'2006-03-24 18:08:17'),(80,82,14,'Et aliquam ducimus eum inventore sit rerum eos quis. Eveniet voluptatum nemo voluptas. Repellendus non velit odit tenetur.',NULL,1,1,'2016-01-30 20:31:32'),(81,65,57,'Dolores aut quia dolor autem unde amet. Dignissimos corrupti quia aperiam quia ad optio a. Nemo dolorum voluptas rerum sed iure temporibus quis. Ducimus aut voluptatum qui illo modi nobis consequatur omnis. Perferendis odit nulla aut perferendis quia excepturi aut.',51,0,0,'2002-05-16 17:27:29'),(82,1,35,'Veritatis exercitationem qui esse enim sint facere quas. Et voluptatem quo nesciunt. Ut sapiente voluptates amet et reiciendis omnis necessitatibus asperiores. Sapiente dolores non ut et asperiores dignissimos qui.',NULL,0,1,'2014-11-07 21:54:24'),(83,27,30,'Quos quis aut et laudantium. Et asperiores aut expedita ab libero. Optio libero vel corrupti iusto sunt similique alias.',NULL,1,1,'2002-11-20 21:59:56'),(84,100,20,'Natus et labore quis distinctio. Culpa provident fugiat assumenda. Voluptatem sequi dolores blanditiis cumque odio odit.',NULL,1,0,'1973-12-24 10:56:19'),(85,41,22,'Tenetur et vel rerum. Aut repellat ipsa sunt ut est. Modi sint fugit corporis. Odit commodi eum asperiores a.',3,1,0,'1991-08-09 06:53:02'),(86,51,65,'Asperiores aut voluptas et nostrum qui. Expedita et voluptas libero neque. Qui et tempora et reiciendis.',NULL,1,1,'2016-06-17 18:40:01'),(87,10,13,'Cumque et harum ratione ut similique voluptas blanditiis et. Et consequuntur suscipit iure voluptatem doloremque. Autem eum et eos vel. Et nihil saepe dolorem ea et error eos.',NULL,0,1,'2003-02-17 16:09:46'),(88,2,5,'Sed explicabo corrupti quos aspernatur culpa sed omnis. Occaecati ullam labore et nobis suscipit velit. Consectetur consequuntur id delectus magni.',NULL,1,1,'1977-01-13 17:00:15'),(89,36,54,'Enim repellendus aperiam alias rerum hic. Facere quo odio mollitia officia omnis dolore. Dolores aut voluptatem sed in et. Reiciendis rerum cumque est.',NULL,0,1,'1981-08-06 11:15:36'),(90,57,88,'Consequatur eaque tempore ut officia sapiente labore ea nobis. Sapiente repellat quo ut qui eum autem autem quaerat.',NULL,1,1,'2007-05-25 13:13:46'),(91,13,56,'Rerum fugit aut sapiente perspiciatis illum ut inventore. Ipsam quos sunt doloribus autem sint ut officiis. Velit architecto veritatis autem dolorem. Commodi tempora ad officia autem. Deserunt culpa perspiciatis ipsa minima ut.',NULL,0,1,'2013-10-22 14:48:34'),(92,80,58,'Nemo qui numquam ut molestiae doloremque veritatis. Voluptates nihil cumque incidunt consequatur nesciunt sunt. Perferendis dicta quis qui qui animi.',NULL,1,1,'2015-06-23 23:35:38'),(93,39,31,'Modi explicabo omnis facilis molestiae qui quisquam quis. Iusto consequatur illum reiciendis quia cumque et. A sapiente tempore aspernatur illum quis est commodi qui. Aperiam rem est veritatis aut est dolores.',NULL,0,1,'2002-03-28 15:15:41'),(94,82,24,'Minima corporis qui dolores eveniet tenetur nesciunt. Asperiores laboriosam sapiente voluptate consequatur dolor. Perferendis ipsa corrupti sapiente.',NULL,0,1,'2016-11-10 14:29:55'),(95,76,64,'Inventore vero temporibus tempora explicabo. Alias molestiae dolor tempora corrupti excepturi quidem. Sit qui reprehenderit et similique.',NULL,1,1,'1981-12-05 02:19:25'),(96,38,40,'Maxime inventore labore aliquam sit tenetur est. Suscipit voluptate rem officia dolores occaecati animi.',NULL,0,0,'2002-03-23 17:18:44'),(97,21,39,'In dolor voluptas quae hic nemo autem sint. Culpa molestiae nihil dolores dolore perferendis dolor aliquid. Et ea assumenda dignissimos quae facilis quaerat.',NULL,0,1,'2015-08-06 23:18:24'),(98,74,48,'Pariatur maxime et laboriosam ab quos enim asperiores dolorem. Provident maiores ex a dolore. Praesentium ut commodi qui autem cum vel asperiores. Nam consequatur eveniet quidem ullam ut ad autem.',NULL,0,1,'2011-07-11 23:25:52'),(99,68,74,'Dolor unde distinctio rem voluptas reiciendis. Non maiores ut et commodi atque rerum omnis eaque. Est sed qui cupiditate atque blanditiis et est. Alias consequuntur animi nemo ullam dolores.',NULL,0,0,'1979-12-26 04:38:44'),(100,67,9,'Illum nam aperiam eligendi quo debitis. Error illo optio repellendus voluptatem id et. Quisquam tempore possimus nostrum non et reprehenderit. Iure consectetur laudantium beatae animi repellat cumque mollitia.',NULL,1,0,'1999-09-29 15:46:33');
/*!40000 ALTER TABLE `messages` ENABLE KEYS */;
UNLOCK TABLES;

--
-- Table structure for table `profiles`
--

DROP TABLE IF EXISTS `profiles`;
/*!40101 SET @saved_cs_client     = @@character_set_client */;
/*!40101 SET character_set_client = utf8 */;
CREATE TABLE `profiles` (
  `user_id` int unsigned NOT NULL COMMENT '╨б╤Б╤Л╨╗╨║╨░ ╨╜╨░ ╨┐╨╛╨╗╤М╨╖╨╛╨▓╨░╤В╨╡╨╗╤П',
  `photo_id` int DEFAULT NULL,
  `gender` char(1) CHARACTER SET utf8 COLLATE utf8_unicode_ci NOT NULL COMMENT '╨Я╨╛╨╗',
  `birthday` date DEFAULT NULL COMMENT '╨Ф╨░╤В╨░ ╤А╨╛╨╢╨┤╨╡╨╜╨╕╤П',
  `city` varchar(130) CHARACTER SET utf8 COLLATE utf8_unicode_ci DEFAULT NULL COMMENT '╨У╨╛╤А╨╛╨┤ ╨┐╤А╨╛╨╢╨╕╨▓╨░╨╜╨╕╤П',
  `country` varchar(130) CHARACTER SET utf8 COLLATE utf8_unicode_ci DEFAULT NULL COMMENT '╨б╤В╤А╨░╨╜╨░ ╨┐╤А╨╛╨╢╨╕╨▓╨░╨╜╨╕╤П',
  `created_at` datetime DEFAULT CURRENT_TIMESTAMP COMMENT '╨Т╤А╨╡╨╝╤П ╤Б╨╛╨╖╨┤╨░╨╜╨╕╤П ╤Б╤В╤А╨╛╨║╨╕',
  `updated_at` datetime DEFAULT CURRENT_TIMESTAMP ON UPDATE CURRENT_TIMESTAMP COMMENT '╨Т╤А╨╡╨╝╤П ╨╛╨▒╨╜╨╛╨▓╨╗╨╡╨╜╨╕╤П ╤Б╤В╤А╨╛╨║╨╕',
  PRIMARY KEY (`user_id`)
) ENGINE=InnoDB DEFAULT CHARSET=utf8 COLLATE=utf8_unicode_ci COMMENT='╨Я╤А╨╛╤Д╨╕╨╗╨╕';
/*!40101 SET character_set_client = @saved_cs_client */;

--
-- Dumping data for table `profiles`
--

LOCK TABLES `profiles` WRITE;
/*!40000 ALTER TABLE `profiles` DISABLE KEYS */;
INSERT INTO `profiles` VALUES (1,15,'F','1972-04-30','Donnatown','GB','1979-11-22 10:30:13','2020-06-16 15:35:12'),(2,39,'M','1977-07-01','O\'Haraside','FR','1991-03-17 19:22:27','2020-06-16 15:35:12'),(3,59,'M','1971-04-02','Jarretthaven','US','1987-09-29 08:42:03','2020-06-16 15:35:12'),(4,64,'F','1977-06-29','South Toyburgh','MX','1978-05-16 19:55:31','2020-06-16 15:35:12'),(5,53,'F','1986-09-29','Katelinborough','FR','1983-11-15 10:18:33','2020-06-16 15:35:12'),(6,67,'F','2012-08-05','East Cassandreshire','CN','1986-06-03 01:00:15','2020-06-16 15:35:12'),(7,62,'F','1999-08-16','Donavonmouth','DE','2019-02-01 19:10:03','2020-06-16 15:35:12'),(8,61,'F','1997-01-26','Calistaview','RU','2013-07-23 20:44:27','2020-06-16 15:35:12'),(9,54,'M','2018-04-19','South Aureliaborough','RU','2008-09-29 17:18:07','2020-06-16 15:35:12'),(10,44,'F','2013-06-16','Simonismouth','FR','1998-09-15 07:58:27','2020-06-16 15:35:12'),(11,57,'F','1972-04-24','Port Kasandrabury','IE','2010-05-10 23:25:42','2020-06-16 15:35:12'),(12,26,'F','1991-10-10','Caspertown','ES','1987-11-25 21:42:31','2020-06-16 15:35:12'),(13,62,'M','2002-03-10','Lesleyfort','CN','2005-04-16 08:12:58','2020-06-16 15:35:12'),(14,38,'F','1984-12-17','Ahmadchester','ES','1988-11-28 09:33:05','2020-06-16 15:35:12'),(15,62,'M','1975-04-15','West Jared','IT','2004-04-26 08:09:48','2020-06-16 15:35:12'),(16,54,'F','2004-02-23','Casperside','FR','1974-06-15 20:01:09','2020-06-16 15:35:12'),(17,50,'M','1986-10-27','East Maybell','CN','1987-04-29 11:35:41','2020-06-16 15:35:12'),(18,54,'M','1999-09-03','North Halmouth','CA','1989-11-26 10:04:37','2020-06-16 15:35:12'),(19,64,'M','1999-12-13','South Tavaresport','ES','1991-03-19 13:30:21','2020-06-16 15:35:12'),(20,50,'F','1992-02-21','Lake Clevefort','FR','1985-11-06 22:40:31','2020-06-16 15:35:12'),(21,57,'M','2003-12-06','East Anabelle','RU','1997-12-06 12:01:40','2020-06-16 15:35:12'),(22,17,'M','2019-08-08','South Dejuan','CA','2010-03-28 13:34:09','2020-06-16 15:35:12'),(23,26,'F','2016-07-07','Binsview','US','1984-12-10 14:55:37','2020-06-16 15:35:12'),(24,18,'F','1982-01-17','Daniellaland','CN','1970-11-13 04:08:57','2020-06-16 15:35:12'),(25,59,'F','1999-07-20','Oliverton','IT','1974-03-31 06:25:26','2020-06-16 15:35:12'),(26,38,'F','2013-04-29','Lednerland','IT','1999-10-08 16:23:07','2020-06-16 15:35:12'),(27,89,'F','1986-09-30','Rueckerbury','DE','1984-05-01 04:32:03','2020-06-16 15:35:12'),(28,67,'M','1990-07-28','Port Javon','GB','1984-05-11 13:56:03','2020-06-16 15:35:12'),(29,16,'F','1983-11-27','South Gunner','DE','1995-05-09 06:57:23','2020-06-16 15:35:12'),(30,33,'M','2002-11-13','New Mireilleburgh','IE','2018-08-16 17:56:21','2020-06-16 15:35:12'),(31,87,'F','1990-05-30','South Rusty','PT','2013-08-23 07:08:30','2020-06-16 15:35:12'),(32,63,'F','2020-01-20','Feilton','ES','1985-03-15 09:38:56','2020-06-16 15:35:12'),(33,53,'F','2017-05-10','South Vincent','RU','2020-03-14 06:56:23','2020-06-16 15:35:12'),(34,57,'F','2016-09-19','Port Hillaryport','DE','1995-08-26 12:33:03','2020-06-16 15:35:12'),(35,63,'M','2005-02-05','North Alysha','US','1985-07-30 22:15:20','2020-06-16 15:35:12'),(36,24,'M','1986-12-26','Lake Gudrunton','GB','1970-11-18 05:34:55','2020-06-16 15:35:12'),(37,76,'F','2014-06-29','Jacobsonside','IT','2016-08-31 09:56:02','2020-06-16 15:35:12'),(38,8,'M','1983-03-25','Lake Schuylerton','CN','2010-06-23 20:56:53','2020-06-16 15:35:12'),(39,39,'F','1980-11-15','East Stacy','PT','2012-05-14 05:52:03','2020-06-16 15:35:12'),(40,63,'F','1974-07-29','Destineychester','CA','2018-06-12 10:21:59','2020-06-16 15:35:12'),(41,61,'M','2009-09-14','Davinburgh','CA','1984-06-20 16:06:08','2020-06-16 15:35:12'),(42,64,'F','1996-06-21','Lukasborough','GB','2009-10-06 12:08:26','2020-06-16 15:35:12'),(43,5,'F','1970-03-21','North Leann','RU','1999-02-10 02:43:16','2020-06-16 15:35:12'),(44,67,'F','1989-12-20','North Oleta','IE','2006-01-15 14:06:50','2020-06-16 15:35:12'),(45,61,'M','2000-03-29','Kochchester','GB','1974-04-28 09:49:59','2020-06-16 15:35:12'),(46,9,'M','2009-01-02','Luzberg','US','1971-09-23 16:15:02','2020-06-16 15:35:12'),(47,45,'F','1987-04-24','Wilfridberg','IT','2004-02-02 06:01:39','2020-06-16 15:35:12'),(48,62,'M','2018-12-01','North Maribelchester','CN','1985-10-25 17:12:57','2020-06-16 15:35:12'),(49,53,'M','2008-03-26','Stuartmouth','DE','2003-03-16 01:55:26','2020-06-16 15:35:12'),(50,87,'F','2002-09-02','East Deronshire','ES','1986-01-18 19:57:16','2020-06-16 15:35:12'),(51,53,'F','2003-10-16','East Helena','CA','1995-02-13 18:53:12','2020-06-16 15:35:12'),(52,45,'M','1977-10-21','South Hazelland','CA','1996-10-03 18:11:15','2020-06-16 15:35:12'),(53,64,'M','1989-06-24','Maybellborough','DE','1995-10-01 17:51:44','2020-06-16 15:35:12'),(54,54,'F','1999-10-14','Greenfelderburgh','IE','1978-07-16 15:09:09','2020-06-16 15:35:12'),(55,39,'F','1977-02-08','Sanfordmouth','MX','1972-12-18 05:27:55','2020-06-16 15:35:12'),(56,24,'F','2000-06-20','Franeckiside','CA','2009-07-14 20:09:45','2020-06-16 15:35:12'),(57,56,'F','2017-10-10','East Giuseppe','MX','2010-11-22 18:18:12','2020-06-16 15:35:12'),(58,67,'M','2016-05-29','West Khalilton','MX','2019-01-31 10:54:17','2020-06-16 15:35:12'),(59,63,'M','2007-02-05','South Martinmouth','RU','2009-11-06 15:17:04','2020-06-16 15:35:12'),(60,50,'M','1971-04-07','North Mayra','CA','2015-02-04 15:04:09','2020-06-16 15:35:12'),(61,38,'F','2019-10-04','South Dariana','MX','1973-03-08 14:40:57','2020-06-16 15:35:12'),(62,1,'F','1983-06-02','Smithamland','MX','1989-11-27 16:24:46','2020-06-16 15:35:12'),(63,53,'M','2016-06-12','Schmidthaven','RU','1977-10-12 20:07:17','2020-06-16 15:35:12'),(64,1,'F','2014-02-13','East Price','PT','1981-05-30 11:04:14','2020-06-16 15:35:12'),(65,18,'M','1995-03-21','Trentonmouth','IN','1971-10-03 21:56:11','2020-06-16 15:35:12'),(66,8,'F','2004-01-01','Parisianland','US','1989-03-07 05:36:37','2020-06-16 15:35:12'),(67,97,'F','1977-01-08','Rettaport','IT','1971-07-09 04:24:48','2020-06-16 15:35:12'),(68,71,'F','2002-10-10','Port Lolita','US','1987-04-12 22:32:44','2020-06-16 15:35:12'),(69,26,'F','1983-10-02','Nataliemouth','MX','1991-01-04 06:40:33','2020-06-16 15:35:12'),(70,59,'M','2012-11-18','West Oceane','CA','2018-01-07 23:56:33','2020-06-16 15:35:12'),(71,45,'M','1987-02-23','East Boyd','CN','2002-10-19 08:23:16','2020-06-16 15:35:12'),(72,59,'F','2014-01-02','Angelineside','RU','1993-05-13 01:28:44','2020-06-16 15:35:12'),(73,56,'F','1988-08-28','Mannstad','FR','1974-03-18 22:22:34','2020-06-16 15:35:12'),(74,57,'F','2011-03-08','Yasmeenside','US','1981-10-24 07:15:09','2020-06-16 15:35:12'),(75,26,'F','2001-02-12','North Faustino','US','2016-01-15 19:22:31','2020-06-16 15:35:12'),(76,50,'F','2013-10-04','Port Karianneborough','FR','2019-10-13 07:32:30','2020-06-16 15:35:12'),(77,57,'M','2015-01-30','New Lucieview','IT','1987-12-04 01:29:12','2020-06-16 15:35:12'),(78,87,'F','2013-09-30','Imeldaport','FR','1995-09-19 13:14:52','2020-06-16 15:35:12'),(79,17,'M','2008-03-19','Keshaunbury','RU','1998-01-23 11:56:06','2020-06-16 15:35:12'),(80,78,'F','2016-04-04','New Christophe','MX','1983-02-17 21:26:44','2020-06-16 15:35:12'),(81,5,'F','1978-10-19','Faymouth','GB','1980-02-28 18:59:33','2020-06-16 15:35:12'),(82,16,'M','1997-03-24','Murphyshire','RU','2005-04-29 03:26:16','2020-06-16 15:35:12'),(83,87,'M','1987-11-17','Lake Rosella','MX','1987-10-25 10:18:53','2020-06-16 15:35:12'),(84,57,'F','2006-01-13','Milfordfurt','PT','2014-02-09 14:04:57','2020-06-16 15:35:12'),(85,50,'M','1990-06-18','Lake Tanya','MX','1977-10-27 11:59:06','2020-06-16 15:35:12'),(86,24,'F','2016-04-25','Graciemouth','IN','1985-09-03 12:26:00','2020-06-16 15:35:12'),(87,63,'M','2012-09-09','Adrianaville','US','2008-01-31 17:53:22','2020-06-16 15:35:12'),(88,57,'M','2020-03-26','Mohamedside','PT','1980-07-27 03:03:31','2020-06-16 15:35:12'),(89,62,'F','2012-08-11','East Eviemouth','IE','2013-04-05 23:53:37','2020-06-16 15:35:12'),(90,44,'F','2011-02-03','Justiceland','IN','1998-10-16 19:11:41','2020-06-16 15:35:12'),(91,76,'F','1983-05-09','Rathberg','RU','1972-03-14 03:49:31','2020-06-16 15:35:12'),(92,11,'M','1995-02-19','West Magdalena','US','2015-07-28 18:59:43','2020-06-16 15:35:12'),(93,97,'F','2001-01-16','North Rubye','FR','1998-06-14 05:05:18','2020-06-16 15:35:12'),(94,15,'F','2002-08-15','South Lurline','ES','1989-06-16 22:36:29','2020-06-16 15:35:12'),(95,18,'M','2007-06-11','East Laurianne','MX','2003-03-03 04:51:33','2020-06-16 15:35:12'),(96,56,'F','1971-12-24','Port Jasminfurt','CA','1990-09-08 17:31:39','2020-06-16 15:35:12'),(97,78,'M','2011-06-11','Kihnstad','FR','1991-06-16 20:54:24','2020-06-16 15:35:12'),(98,38,'M','1984-06-16','Lake Hayleeside','IT','2001-12-18 08:19:14','2020-06-16 15:35:12'),(99,64,'F','1995-07-29','Schmelermouth','IN','1979-05-07 03:10:41','2020-06-16 15:35:12'),(100,56,'M','1971-04-09','East Christine','US','2011-08-22 18:38:37','2020-06-16 15:35:12');
/*!40000 ALTER TABLE `profiles` ENABLE KEYS */;
UNLOCK TABLES;

--
-- Table structure for table `user_statuses`
--

DROP TABLE IF EXISTS `user_statuses`;
/*!40101 SET @saved_cs_client     = @@character_set_client */;
/*!40101 SET character_set_client = utf8 */;
CREATE TABLE `user_statuses` (
  `id` int NOT NULL AUTO_INCREMENT,
  `name` varchar(50) NOT NULL,
  PRIMARY KEY (`id`),
  UNIQUE KEY `name` (`name`)
) ENGINE=InnoDB AUTO_INCREMENT=4 DEFAULT CHARSET=utf8mb4 COLLATE=utf8mb4_0900_ai_ci;
/*!40101 SET character_set_client = @saved_cs_client */;

--
-- Dumping data for table `user_statuses`
--

LOCK TABLES `user_statuses` WRITE;
/*!40000 ALTER TABLE `user_statuses` DISABLE KEYS */;
INSERT INTO `user_statuses` VALUES (1,'active'),(2,'blocked'),(3,'deleted');
/*!40000 ALTER TABLE `user_statuses` ENABLE KEYS */;
UNLOCK TABLES;

--
-- Table structure for table `users`
--

DROP TABLE IF EXISTS `users`;
/*!40101 SET @saved_cs_client     = @@character_set_client */;
/*!40101 SET character_set_client = utf8 */;
CREATE TABLE `users` (
  `id` int unsigned NOT NULL AUTO_INCREMENT COMMENT '╨Ш╨┤╨╡╨╜╤В╨╕╤Д╨╕╨║╨░╤В╨╛╤А ╤Б╤В╤А╨╛╨║╨╕',
  `first_name` varchar(100) CHARACTER SET utf8 COLLATE utf8_unicode_ci NOT NULL COMMENT '╨Ш╨╝╤П ╨┐╨╛╨╗╤М╨╖╨╛╨▓╨░╤В╨╡╨╗╤П',
  `last_name` varchar(100) CHARACTER SET utf8 COLLATE utf8_unicode_ci NOT NULL COMMENT '╨д╨░╨╝╨╕╨╗╨╕╤П ╨┐╨╛╨╗╤М╨╖╨╛╨▓╨░╤В╨╡╨╗╤П',
  `email` varchar(100) CHARACTER SET utf8 COLLATE utf8_unicode_ci NOT NULL COMMENT '╨Я╨╛╤З╤В╨░',
  `phone` varchar(100) CHARACTER SET utf8 COLLATE utf8_unicode_ci NOT NULL COMMENT '╨в╨╡╨╗╨╡╤Д╨╛╨╜',
  `status_id` int DEFAULT NULL,
  `created_at` datetime DEFAULT CURRENT_TIMESTAMP COMMENT '╨Т╤А╨╡╨╝╤П ╤Б╨╛╨╖╨┤╨░╨╜╨╕╤П ╤Б╤В╤А╨╛╨║╨╕',
  `updated_at` datetime DEFAULT CURRENT_TIMESTAMP ON UPDATE CURRENT_TIMESTAMP COMMENT '╨Т╤А╨╡╨╝╤П ╨╛╨▒╨╜╨╛╨▓╨╗╨╡╨╜╨╕╤П ╤Б╤В╤А╨╛╨║╨╕',
  PRIMARY KEY (`id`),
  UNIQUE KEY `email` (`email`),
  UNIQUE KEY `phone` (`phone`)
) ENGINE=InnoDB AUTO_INCREMENT=101 DEFAULT CHARSET=utf8 COLLATE=utf8_unicode_ci COMMENT='╨Я╨╛╨╗╤М╨╖╨╛╨▓╨░╤В╨╡╨╗╨╕';
/*!40101 SET character_set_client = @saved_cs_client */;

--
-- Dumping data for table `users`
--

LOCK TABLES `users` WRITE;
/*!40000 ALTER TABLE `users` DISABLE KEYS */;
INSERT INTO `users` VALUES (1,'Jaime','Jaskolski','theresa27@example.org','1-804-458-5279x0356',3,'1986-05-21 12:17:32','2020-06-16 15:39:08'),(2,'Benjamin','Mante','brown.jeremie@example.org','1-045-586-3067',1,'1978-10-24 05:55:50','2020-06-16 15:39:08'),(3,'Jovan','Stroman','jonathan96@example.com','792-414-7566',1,'1984-10-04 00:55:38','2020-06-16 15:39:08'),(4,'Aliyah','Legros','maye68@example.org','796.397.1549x92385',1,'1994-10-28 21:00:35','2020-06-16 15:39:08'),(5,'Chet','Johnston','qturcotte@example.net','1-144-649-6712x689',3,'2005-01-17 01:52:37','2020-06-16 15:39:08'),(6,'Jaunita','Osinski','roberts.orlando@example.org','039-727-1327x6898',2,'1973-07-08 07:37:25','2020-06-16 15:39:08'),(7,'Florence','Kuhlman','ystrosin@example.net','+09(0)5571035018',3,'1996-10-17 14:58:53','2020-06-16 15:39:08'),(8,'Syble','Brekke','lauryn25@example.net','143-201-6567x926',3,'2010-09-02 21:07:39','2020-06-16 15:39:08'),(9,'Nils','Jenkins','addison51@example.net','+46(3)1333196512',2,'1979-03-19 03:03:57','2020-06-16 15:39:08'),(10,'Brent','Brekke','edicki@example.net','+84(3)4519546213',2,'1977-12-27 11:54:32','2020-06-16 15:39:08'),(11,'Barney','Klein','ihirthe@example.org','(326)670-7096',1,'1993-10-01 03:42:50','2020-06-16 15:39:08'),(12,'Price','Littel','wwill@example.org','03833390575',2,'1982-07-23 14:22:33','2020-06-16 15:39:08'),(13,'Ralph','Herzog','wrodriguez@example.org','1-280-150-6941x98622',3,'2007-09-02 10:27:51','2020-06-16 15:39:08'),(14,'Amy','Schimmel','hauer@example.net','342.602.8716x3908',2,'2003-03-17 04:36:46','2020-06-16 15:39:08'),(15,'Santiago','Ortiz','gunnar00@example.com','523-243-0888x70185',1,'2007-02-10 17:39:19','2020-06-16 15:39:08'),(16,'Jackson','Schumm','fjerde@example.com','251.094.0379x31540',1,'2017-10-18 07:06:47','2020-06-16 15:39:08'),(17,'Arlene','Boehm','mcclure.marianne@example.org','1-139-117-9785',2,'1986-05-12 01:25:15','2020-06-16 15:39:08'),(18,'Ivy','Hilpert','saige88@example.com','(613)694-8742x859',1,'2005-04-01 17:29:16','2020-06-16 15:39:08'),(19,'Lora','Kuhic','hankunding@example.com','1-805-836-4777',2,'1990-12-26 06:36:15','2020-06-16 15:39:08'),(20,'Lafayette','McGlynn','sporer.judy@example.org','387-200-6095',1,'1970-03-24 21:33:32','2020-06-16 15:39:08'),(21,'Jackie','Durgan','beahan.milton@example.org','263-914-2417',3,'1996-02-14 18:53:14','2020-06-16 15:39:08'),(22,'Skylar','Durgan','bjones@example.net','(918)119-2921x89591',1,'1978-01-25 09:58:19','2020-06-16 15:39:08'),(23,'Hettie','Macejkovic','gregoria.hayes@example.net','00396265873',3,'2001-10-07 03:53:11','2020-06-16 15:39:08'),(24,'Santiago','Hintz','bauch.jennie@example.org','145.090.2220x62639',1,'2014-06-07 17:55:47','2020-06-16 15:39:08'),(25,'Darius','Anderson','natalia07@example.org','594.608.4571',3,'1977-04-25 17:49:13','2020-06-16 15:39:08'),(26,'Ceasar','Gutkowski','jstark@example.com','787-151-1732x26293',2,'2007-08-18 00:45:56','2020-06-16 15:39:08'),(27,'Lindsay','Schuster','heaney.jackson@example.net','093-338-4312x6287',2,'2014-09-24 01:58:55','2020-06-16 15:39:08'),(28,'Brenna','Fahey','stephan09@example.org','1-914-502-3895x96668',3,'1988-11-23 18:29:52','2020-06-16 15:39:08'),(29,'Carlee','Shields','aurelio29@example.net','1-443-146-0438x5803',1,'2012-04-02 16:13:01','2020-06-16 15:39:08'),(30,'Nicolas','Bernhard','travis25@example.net','(963)293-7108x2005',1,'2005-08-10 14:06:47','2020-06-16 15:39:08'),(31,'Jacklyn','Dooley','breitenberg.deon@example.net','1-151-557-9672',3,'1999-01-02 18:04:41','2020-06-16 15:39:08'),(32,'Davin','Torphy','krajcik.evan@example.org','1-011-024-8555x253',3,'1980-07-21 23:07:30','2020-06-16 15:39:08'),(33,'Zion','Reilly','marcella09@example.net','236-082-6130x1341',3,'2002-06-11 09:21:04','2020-06-16 15:39:08'),(34,'Olin','Lueilwitz','jacquelyn69@example.com','1-796-358-6187x92864',2,'1980-08-20 00:40:25','2020-06-16 15:39:08'),(35,'Lacy','Bode','nils.bergstrom@example.org','098-964-1295x597',2,'2014-11-01 19:57:17','2020-06-16 15:39:08'),(36,'Maximo','Schaden','murray.thea@example.net','(305)017-1681',3,'1995-11-21 02:33:57','2020-06-16 15:39:08'),(37,'Lottie','Hand','antonio.corkery@example.org','779.421.0904x493',3,'1994-05-04 00:36:28','2020-06-16 15:39:08'),(38,'Ocie','Gibson','lstark@example.net','434-542-9100x08619',2,'2013-11-29 09:32:12','2020-06-16 15:39:08'),(39,'Art','Lehner','beer.lupe@example.net','309.438.1036x52232',2,'2015-07-11 14:36:33','2020-06-16 15:39:08'),(40,'Gwendolyn','Hoeger','scottie41@example.com','1-835-746-5492',2,'1971-04-11 17:28:05','2020-06-16 15:39:08'),(41,'Ethan','Pfeffer','hbins@example.org','850.106.6978',1,'1994-08-05 13:26:46','2020-06-16 15:39:08'),(42,'Gianni','Gorczany','ocrooks@example.net','1-936-767-9534x9391',2,'1983-10-28 12:00:34','2020-06-16 15:39:08'),(43,'Keara','Effertz','ureynolds@example.org','272-631-0816',1,'2013-02-19 06:53:11','2020-06-16 15:39:08'),(44,'Lavina','Bradtke','deonte.ondricka@example.org','743-127-8721x71236',1,'2017-01-09 16:21:47','2020-06-16 15:39:08'),(45,'Carter','O\'Keefe','bradley35@example.com','137.457.1459',2,'1997-10-06 19:00:02','2020-06-16 15:39:08'),(46,'Layla','Langworth','cummings.anissa@example.net','(321)248-3143x97296',3,'2000-09-08 06:20:38','2020-06-16 15:39:08'),(47,'Kenna','Kuvalis','gbogisich@example.org','849-221-2872x0239',3,'2012-09-04 10:41:48','2020-06-16 15:39:08'),(48,'Kenneth','Casper','daphne11@example.org','1-478-732-0831x2005',2,'2018-03-17 16:25:04','2020-06-16 15:39:08'),(49,'Ignatius','Wuckert','heather66@example.net','(858)228-4077x0640',1,'2004-11-29 15:00:30','2020-06-16 15:39:08'),(50,'Cesar','Gleichner','jgorczany@example.net','09512497884',3,'1975-02-12 12:33:24','2020-06-16 15:39:08'),(51,'Domenica','Bayer','hansen.mara@example.org','042.496.9720x93352',2,'2006-11-23 16:16:37','2020-06-16 15:39:08'),(52,'Louvenia','Gorczany','smaggio@example.org','1-927-738-9295x002',1,'1976-11-30 16:36:20','2020-06-16 15:39:08'),(53,'Haylee','Howe','dulce41@example.com','215-305-0864x5899',3,'1982-12-02 05:25:16','2020-06-16 15:39:08'),(54,'Paige','Collins','mikel37@example.com','(559)283-8097',3,'1982-07-03 11:08:03','2020-06-16 15:39:08'),(55,'Camilla','Braun','harris.aliyah@example.net','187.840.3517x243',2,'2011-10-30 12:21:54','2020-06-16 15:39:08'),(56,'Chester','Ankunding','pgorczany@example.net','08218877461',1,'2019-07-16 11:51:10','2020-06-16 15:39:08'),(57,'Orrin','Stamm','fjacobs@example.net','664-941-6746',2,'1989-09-11 17:01:55','2020-06-16 15:39:08'),(58,'Chloe','Kiehn','clovis10@example.com','+66(6)2302430908',2,'1986-07-07 15:15:12','2020-06-16 15:39:08'),(59,'Destin','Turner','lolita.steuber@example.com','1-417-447-2209',2,'1986-08-14 21:23:48','2020-06-16 15:39:08'),(60,'Richie','Ferry','madonna.hahn@example.com','02123631458',3,'1990-08-16 15:00:38','2020-06-16 15:39:08'),(61,'Linwood','Feil','rosie.schinner@example.org','1-017-272-6641x0056',2,'1995-10-31 21:11:27','2020-06-16 15:39:08'),(62,'Arnulfo','Strosin','wolf.june@example.org','478-705-6384x42659',1,'1988-08-20 08:28:52','2020-06-16 15:39:08'),(63,'Mittie','Dach','grayson11@example.com','05947733456',2,'1982-07-19 06:12:28','2020-06-16 15:39:08'),(64,'Ludie','Buckridge','schaden.sadie@example.com','048-490-6255x8049',3,'1992-02-24 00:10:54','2020-06-16 15:39:08'),(65,'Bernadette','Hegmann','kreiger.priscilla@example.net','(008)561-6264x50608',2,'2014-03-11 07:38:39','2020-06-16 15:39:08'),(66,'Emile','O\'Kon','dannie18@example.org','518-371-5060',1,'1995-04-28 09:22:39','2020-06-16 15:39:08'),(67,'Molly','Jacobs','jast.verona@example.net','729-196-2590x7338',3,'1998-12-04 00:08:15','2020-06-16 15:39:08'),(68,'Palma','Gorczany','ykirlin@example.org','477.966.3674x41012',3,'2014-07-21 09:13:43','2020-06-16 15:39:08'),(69,'Greg','King','trey68@example.net','511.163.2819',1,'2013-09-26 13:05:13','2020-06-16 15:39:08'),(70,'Annie','McLaughlin','eladio10@example.com','(529)314-1142x19724',3,'1987-06-23 06:27:41','2020-06-16 15:39:08'),(71,'Paris','Koch','sandra.batz@example.com','(098)223-7827x798',2,'2006-03-05 09:25:55','2020-06-16 15:39:08'),(72,'Kareem','Crist','zboehm@example.org','716.022.4497x79656',3,'2016-02-28 09:30:21','2020-06-16 15:39:08'),(73,'Lewis','Will','dklein@example.com','045.492.9727x8730',2,'2014-02-26 19:32:30','2020-06-16 15:39:08'),(74,'Carmela','Carter','alessandra71@example.org','003.399.1409',1,'2014-02-21 07:18:02','2020-06-16 15:39:08'),(75,'Ashleigh','Raynor','ryley.hirthe@example.net','1-919-958-1240',3,'1976-07-28 21:58:11','2020-06-16 15:39:08'),(76,'Jaqueline','Dooley','ara.rosenbaum@example.com','(149)521-5455',2,'2012-09-24 11:55:20','2020-06-16 15:39:08'),(77,'Ima','Ortiz','haley.laurine@example.com','00855092247',1,'1988-09-09 11:50:04','2020-06-16 15:39:08'),(78,'Candice','Marquardt','rohan.norbert@example.net','(755)193-0404',1,'1972-02-26 01:41:51','2020-06-16 15:39:08'),(79,'Xavier','Nicolas','timothy.haley@example.org','(329)242-4624',2,'1972-10-21 21:54:48','2020-06-16 15:39:08'),(80,'Mathias','Klocko','edgar.pacocha@example.org','+00(7)5121314858',1,'2001-09-24 02:44:00','2020-06-16 15:39:08'),(81,'Percival','D\'Amore','mikayla88@example.org','(716)383-6366x7781',3,'2011-03-11 01:47:48','2020-06-16 15:39:08'),(82,'Adelia','Hansen','katelyn83@example.net','04390300702',1,'2019-07-24 19:43:10','2020-06-16 15:39:08'),(83,'Deon','Fisher','gerlach.tiffany@example.com','01142508528',1,'1976-01-14 16:46:01','2020-06-16 15:39:08'),(84,'Tre','Mosciski','xondricka@example.org','1-106-952-6262x44357',2,'1992-07-04 15:16:10','2020-06-16 15:39:08'),(85,'Vernon','Monahan','astrid07@example.net','03822223600',2,'1977-01-14 06:39:03','2020-06-16 15:39:08'),(86,'Montana','VonRueden','idella.hand@example.org','02655667198',1,'1982-10-19 09:31:24','2020-06-16 15:39:08'),(87,'Sarah','Hills','ylangosh@example.net','1-874-642-4539',2,'1979-07-05 18:29:47','2020-06-16 15:39:08'),(88,'Alden','Senger','rhett61@example.net','1-323-938-3146',1,'2003-12-23 05:19:04','2020-06-16 15:39:08'),(89,'Jaida','Schneider','sonny21@example.org','(297)726-7788x43791',3,'1972-01-11 02:56:49','2020-06-16 15:39:08'),(90,'Virgie','Stanton','okuneva.carmel@example.org','572.767.5051x24386',2,'2008-11-28 16:04:04','2020-06-16 15:39:08'),(91,'Meta','Parisian','brionna.batz@example.org','530.084.3638x23383',2,'2013-08-26 17:00:26','2020-06-16 15:39:08'),(92,'Hope','Jacobi','zemlak.jadyn@example.com','1-569-688-5291x7620',3,'1989-11-04 21:57:55','2020-06-16 15:39:08'),(93,'Brett','Lesch','tara.goldner@example.org','(932)960-7717',1,'1987-11-11 02:37:13','2020-06-16 15:39:08'),(94,'Meagan','Langosh','amya.lakin@example.org','1-626-183-9037x55038',3,'1981-09-05 11:18:04','2020-06-16 15:39:08'),(95,'Calista','Boehm','schamberger.genevieve@example.net','(222)516-4833x3776',3,'1972-12-03 23:48:03','2020-06-16 15:39:08'),(96,'Vergie','Cartwright','janis.dietrich@example.net','643.831.7040x7370',3,'2008-08-08 18:58:40','2020-06-16 15:39:08'),(97,'Sandra','Brown','bernier.hardy@example.net','04244723088',3,'2001-09-05 20:29:29','2020-06-16 15:39:08'),(98,'Raven','Prosacco','kyla.schulist@example.com','1-335-156-7450x6541',3,'1995-12-25 15:59:53','2020-06-16 15:39:08'),(99,'Shanny','Schuppe','kayla61@example.org','838.671.7339x188',1,'2004-11-23 21:07:54','2020-06-16 15:39:08'),(100,'Reginald','Conroy','heaney.curt@example.net','(631)052-8752x75835',1,'2019-05-22 09:25:00','2020-06-16 15:39:08');
/*!40000 ALTER TABLE `users` ENABLE KEYS */;
UNLOCK TABLES;
/*!40103 SET TIME_ZONE=@OLD_TIME_ZONE */;

/*!40101 SET SQL_MODE=@OLD_SQL_MODE */;
/*!40014 SET FOREIGN_KEY_CHECKS=@OLD_FOREIGN_KEY_CHECKS */;
/*!40014 SET UNIQUE_CHECKS=@OLD_UNIQUE_CHECKS */;
/*!40101 SET CHARACTER_SET_CLIENT=@OLD_CHARACTER_SET_CLIENT */;
/*!40101 SET CHARACTER_SET_RESULTS=@OLD_CHARACTER_SET_RESULTS */;
/*!40101 SET COLLATION_CONNECTION=@OLD_COLLATION_CONNECTION */;
/*!40111 SET SQL_NOTES=@OLD_SQL_NOTES */;

-- Dump completed on 2020-06-16 15:57:06
