-- MySQL dump 10.13  Distrib 5.7.30, for Linux (x86_64)
--
-- Host: 127.0.0.1    Database: vk_full
-- ------------------------------------------------------
-- Server version	8.0.20

/*!40101 SET @OLD_CHARACTER_SET_CLIENT=@@CHARACTER_SET_CLIENT */;
/*!40101 SET @OLD_CHARACTER_SET_RESULTS=@@CHARACTER_SET_RESULTS */;
/*!40101 SET @OLD_COLLATION_CONNECTION=@@COLLATION_CONNECTION */;
/*!40101 SET NAMES utf8 */;
/*!40103 SET @OLD_TIME_ZONE=@@TIME_ZONE */;
/*!40103 SET TIME_ZONE='+00:00' */;
/*!40014 SET @OLD_UNIQUE_CHECKS=@@UNIQUE_CHECKS, UNIQUE_CHECKS=0 */;
/*!40014 SET @OLD_FOREIGN_KEY_CHECKS=@@FOREIGN_KEY_CHECKS, FOREIGN_KEY_CHECKS=0 */;
/*!40101 SET @OLD_SQL_MODE=@@SQL_MODE, SQL_MODE='NO_AUTO_VALUE_ON_ZERO' */;
/*!40111 SET @OLD_SQL_NOTES=@@SQL_NOTES, SQL_NOTES=0 */;

--
-- Table structure for table `communities`
--

DROP TABLE IF EXISTS `communities`;
/*!40101 SET @saved_cs_client     = @@character_set_client */;
/*!40101 SET character_set_client = utf8 */;
CREATE TABLE `communities` (
  `id` int unsigned NOT NULL AUTO_INCREMENT COMMENT '╨Ш╨┤╨╡╨╜╤В╨╕╤Д╨╕╨║╨░╤В╨╛╤А ╤Б╤А╨╛╨║╨╕',
  `name` varchar(150) CHARACTER SET utf8 COLLATE utf8_unicode_ci NOT NULL COMMENT '╨Э╨░╨╖╨▓╨░╨╜╨╕╨╡ ╨│╤А╤Г╨┐╨┐╤Л',
  `created_at` datetime DEFAULT CURRENT_TIMESTAMP COMMENT '╨Т╤А╨╡╨╝╤П ╤Б╨╛╨╖╨┤╨░╨╜╨╕╤П ╤Б╤В╤А╨╛╨║╨╕',
  `updated_at` datetime DEFAULT CURRENT_TIMESTAMP ON UPDATE CURRENT_TIMESTAMP COMMENT '╨Т╤А╨╡╨╝╤П ╨╛╨▒╨╜╨╛╨▓╨╗╨╡╨╜╨╕╤П ╤Б╤В╤А╨╛╨║╨╕',
  PRIMARY KEY (`id`),
  UNIQUE KEY `name` (`name`)
) ENGINE=InnoDB AUTO_INCREMENT=101 DEFAULT CHARSET=utf8 COLLATE=utf8_unicode_ci COMMENT='╨У╤А╤Г╨┐╨┐╤Л';
/*!40101 SET character_set_client = @saved_cs_client */;

--
-- Dumping data for table `communities`
--

LOCK TABLES `communities` WRITE;
/*!40000 ALTER TABLE `communities` DISABLE KEYS */;
INSERT INTO `communities` VALUES (1,'soluta','1987-10-25 03:58:34','1983-07-04 11:09:43'),(2,'voluptatum','1984-07-23 11:37:13','1987-07-09 12:48:44'),(3,'accusantium','1978-11-14 03:19:33','2016-11-14 13:36:14'),(4,'adipisci','1985-07-21 16:49:38','2004-08-24 20:51:36'),(5,'porro','2018-06-22 16:41:48','1993-10-28 19:25:30'),(6,'ut','2004-09-30 08:45:29','1973-06-05 07:44:14'),(7,'itaque','2013-10-28 09:23:37','1980-04-27 14:26:35'),(8,'optio','2004-07-28 08:05:09','1972-10-11 01:57:14'),(9,'natus','1985-06-25 15:49:35','1986-11-15 15:57:59'),(10,'eaque','1973-09-06 06:45:06','2006-06-27 10:45:44'),(11,'impedit','2014-03-20 00:22:09','1984-06-29 20:58:28'),(12,'amet','2007-10-30 14:19:01','1993-05-24 23:50:03'),(13,'blanditiis','1974-01-26 19:18:21','1984-03-21 12:11:12'),(14,'et','1984-10-18 05:25:49','1993-04-24 22:23:50'),(15,'quia','1998-11-26 10:29:59','1999-11-20 13:58:48'),(16,'incidunt','1970-04-08 21:39:49','1991-11-24 11:13:13'),(17,'repellat','1983-03-06 03:26:08','2001-05-29 10:45:06'),(18,'ea','2018-12-24 20:33:09','1975-12-07 14:51:56'),(19,'odit','1990-07-26 04:53:08','1973-09-10 00:01:15'),(20,'in','2007-07-09 14:05:02','2016-04-25 18:10:47'),(21,'assumenda','1972-02-11 22:11:24','2018-11-08 22:42:48'),(22,'nemo','1987-09-24 12:08:22','1999-06-27 23:27:53'),(23,'iusto','2014-08-21 07:02:59','2012-12-21 21:34:29'),(24,'est','1975-09-08 06:05:56','1997-04-12 13:26:54'),(25,'voluptatem','2012-03-21 17:33:28','2019-09-24 09:15:52'),(26,'fuga','1972-10-19 16:22:33','2016-04-15 11:27:12'),(27,'autem','1973-07-17 07:40:29','2019-01-31 22:17:52'),(28,'fugiat','2018-01-05 06:57:19','1994-10-13 22:59:00'),(29,'non','1990-09-24 08:06:52','1977-08-23 10:24:19'),(30,'velit','2010-10-31 21:35:11','2003-10-23 23:57:32'),(31,'ducimus','2013-12-28 11:56:13','2012-06-09 11:26:53'),(32,'quibusdam','1978-08-31 05:47:52','1992-08-12 09:52:20'),(33,'cumque','1970-05-15 10:40:05','2012-10-15 21:31:33'),(34,'libero','2014-07-17 00:52:50','2006-12-02 13:42:55'),(35,'nihil','1994-04-30 04:51:45','1991-02-15 10:47:57'),(36,'at','1996-10-01 17:39:10','1978-11-18 08:50:14'),(37,'qui','1990-08-27 11:34:54','2000-08-12 00:54:26'),(38,'magnam','1978-09-11 02:24:35','1974-11-29 18:56:10'),(39,'expedita','2004-11-23 00:01:11','1978-11-19 12:33:29'),(40,'architecto','1990-04-13 14:43:13','2005-01-14 13:31:30'),(41,'aut','1987-11-07 11:18:38','1981-09-08 03:58:58'),(42,'atque','1970-05-16 10:06:06','1992-11-29 08:30:46'),(43,'distinctio','2007-01-25 13:44:50','1997-11-22 01:04:03'),(44,'labore','1999-07-09 05:02:40','2004-10-10 11:03:52'),(45,'sapiente','1992-03-08 14:30:31','2006-06-21 04:32:25'),(46,'laboriosam','1987-03-29 06:18:35','2013-05-05 21:34:35'),(47,'sit','2011-11-21 21:16:35','1988-11-14 19:34:14'),(48,'quis','2017-04-05 04:14:29','1974-01-01 23:53:58'),(49,'hic','2016-06-01 20:18:33','1986-12-08 12:32:34'),(50,'molestias','1991-02-07 23:14:14','1999-07-19 15:58:00'),(51,'omnis','2016-09-08 02:45:29','1981-02-03 03:26:41'),(52,'asperiores','1975-11-17 23:01:41','2010-07-31 21:36:00'),(53,'nostrum','2016-01-21 01:43:46','2011-07-05 00:46:52'),(54,'tenetur','1994-10-27 18:34:59','1975-08-28 19:03:27'),(55,'perferendis','1976-05-24 02:07:53','2000-03-26 13:49:28'),(56,'perspiciatis','2016-02-21 01:31:30','1999-05-26 22:19:37'),(57,'voluptates','1992-12-22 12:02:59','2014-02-19 05:46:46'),(58,'saepe','1989-07-28 00:38:08','1984-01-12 16:56:17'),(59,'ipsum','1998-04-21 01:09:35','1989-03-01 10:49:38'),(60,'id','1989-09-05 01:50:02','1999-09-06 18:33:41'),(61,'eius','2019-05-26 14:13:14','2017-12-18 12:27:26'),(62,'sed','2005-06-30 14:29:04','1991-12-11 00:38:37'),(63,'voluptate','1972-06-03 21:23:47','1992-06-05 00:27:43'),(64,'illum','1997-07-27 07:42:03','2017-04-14 07:53:27'),(65,'dolor','1970-09-14 21:15:11','1995-09-09 13:18:42'),(66,'commodi','1985-05-09 05:28:29','1970-06-27 15:20:46'),(67,'quae','1993-07-03 08:05:57','1994-10-18 09:33:24'),(68,'possimus','2004-06-27 08:41:12','2006-02-26 14:23:35'),(69,'facere','1976-03-25 12:42:02','1982-04-19 20:50:10'),(70,'unde','1977-09-26 22:51:14','2018-06-12 08:15:54'),(71,'sint','1996-03-04 02:26:57','2014-01-03 04:42:22'),(72,'eos','2016-09-21 01:52:17','1986-06-11 13:18:38'),(73,'odio','1996-04-03 01:30:10','2010-09-07 21:44:37'),(74,'veniam','1982-09-26 03:53:47','1974-01-01 23:49:15'),(75,'consequatur','1981-05-10 02:46:03','2019-01-27 17:09:47'),(76,'quo','1973-12-03 05:40:16','1993-08-12 21:31:19'),(77,'quidem','1975-10-05 12:35:06','1984-09-15 18:15:13'),(78,'maxime','1976-10-23 18:02:19','2017-04-05 00:23:17'),(79,'iure','1997-11-01 03:56:45','2001-04-21 21:07:14'),(80,'accusamus','1985-06-29 21:21:28','1973-07-01 11:57:14'),(81,'reprehenderit','1981-12-29 18:08:36','2006-03-21 08:48:23'),(82,'dolorem','2001-06-22 18:31:28','2005-02-18 23:04:41'),(83,'eveniet','2017-10-21 18:39:37','1975-10-25 01:37:23'),(84,'doloremque','1995-01-30 05:17:37','1988-08-01 19:17:50'),(85,'voluptas','2009-12-26 12:56:23','1972-12-29 06:02:24'),(86,'maiores','2014-10-04 01:39:44','1990-02-12 11:38:58'),(87,'alias','1999-01-01 05:04:54','2003-09-07 12:37:22'),(88,'error','1990-12-21 17:01:24','1977-05-06 18:07:08'),(89,'ab','1976-04-22 06:56:19','2003-03-09 01:48:20'),(90,'nisi','1973-02-05 09:44:27','2017-07-15 03:06:42'),(91,'dolore','1976-02-01 23:44:52','2002-11-29 01:24:40'),(92,'pariatur','1994-10-16 16:02:32','2020-04-27 01:18:24'),(93,'neque','1996-07-12 05:25:45','2007-12-04 21:34:20'),(94,'molestiae','1999-06-22 10:22:11','1986-05-13 17:23:15'),(95,'aliquid','1997-06-26 16:37:30','1999-12-20 19:01:03'),(96,'dolores','2000-05-05 04:06:06','1975-06-14 08:45:06'),(97,'inventore','1996-09-20 04:47:18','1977-01-07 16:07:59'),(98,'ullam','2009-08-16 05:12:41','2003-04-07 20:31:47'),(99,'ad','2003-07-02 00:03:20','1981-12-07 17:31:10'),(100,'exercitationem','1995-05-28 10:12:47','1981-06-29 04:08:33');
/*!40000 ALTER TABLE `communities` ENABLE KEYS */;
UNLOCK TABLES;

--
-- Table structure for table `communities_users`
--

DROP TABLE IF EXISTS `communities_users`;
/*!40101 SET @saved_cs_client     = @@character_set_client */;
/*!40101 SET character_set_client = utf8 */;
CREATE TABLE `communities_users` (
  `community_id` int unsigned NOT NULL COMMENT '╨б╤Б╤Л╨╗╨║╨░ ╨╜╨░ ╨│╤А╤Г╨┐╨┐╤Г',
  `user_id` int unsigned NOT NULL COMMENT '╨б╤Б╤Л╨╗╨║╨░ ╨╜╨░ ╨┐╨╛╨╗╤М╨╖╨╛╨▓╨░╤В╨╡╨╗╤П',
  `created_at` datetime DEFAULT CURRENT_TIMESTAMP COMMENT '╨Т╤А╨╡╨╝╤П ╤Б╨╛╨╖╨┤╨░╨╜╨╕╤П ╤Б╤В╤А╨╛╨║╨╕',
  PRIMARY KEY (`community_id`,`user_id`) COMMENT '╨б╨╛╤Б╤В╨░╨▓╨╜╨╛╨╣ ╨┐╨╡╤А╨▓╨╕╤З╨╜╤Л╨╣ ╨║╨╗╤О╤З'
) ENGINE=InnoDB DEFAULT CHARSET=utf8 COLLATE=utf8_unicode_ci COMMENT='╨г╤З╨░╤Б╤В╨╜╨╕╨║╨╕ ╨│╤А╤Г╨┐╨┐, ╤Б╨▓╤П╨╖╤М ╨╝╨╡╨╢╨┤╤Г ╨┐╨╛╨╗╤М╨╖╨╛╨▓╨░╤В╨╡╨╗╤П╨╝╨╕ ╨╕ ╨│╤А╤Г╨┐╨┐╨░╨╝╨╕';
/*!40101 SET character_set_client = @saved_cs_client */;

--
-- Dumping data for table `communities_users`
--

LOCK TABLES `communities_users` WRITE;
/*!40000 ALTER TABLE `communities_users` DISABLE KEYS */;
INSERT INTO `communities_users` VALUES (3,36,'1990-09-22 11:39:39'),(3,93,'1987-04-08 10:39:21'),(6,11,'2007-07-24 03:26:43'),(8,16,'1986-08-05 20:32:18'),(8,46,'2012-04-28 08:28:12'),(10,26,'1972-09-04 01:14:50'),(13,15,'2017-02-20 09:57:23'),(13,42,'2010-08-15 10:26:29'),(13,73,'2011-09-25 00:16:06'),(14,82,'1978-04-16 19:57:15'),(15,82,'1977-06-14 09:41:01'),(15,88,'1986-01-30 10:43:54'),(15,94,'1984-04-16 08:03:28'),(17,8,'1970-03-08 18:58:06'),(18,50,'1980-02-21 10:06:27'),(19,21,'2006-04-08 11:17:34'),(19,39,'2010-07-14 17:01:05'),(23,16,'1971-02-06 06:04:52'),(24,98,'2001-05-09 12:41:02'),(27,45,'1975-11-06 09:13:43'),(27,97,'1997-03-24 23:25:48'),(28,19,'1974-07-26 23:32:55'),(28,80,'1970-07-31 19:36:57'),(31,72,'1994-02-09 06:43:33'),(32,42,'1992-06-18 13:06:56'),(32,76,'1992-06-26 08:58:01'),(34,10,'2004-07-12 11:41:28'),(34,12,'1988-06-21 03:03:17'),(35,70,'1991-11-21 07:15:31'),(35,84,'2017-10-26 19:18:44'),(38,56,'2019-04-05 04:00:52'),(39,6,'2004-10-13 15:41:45'),(39,16,'1980-02-12 05:53:11'),(41,36,'2009-10-15 06:52:58'),(43,19,'1980-03-22 04:10:18'),(43,70,'2001-07-17 22:45:35'),(44,4,'1975-09-15 14:20:19'),(44,77,'1999-09-10 16:21:56'),(45,17,'2012-01-14 00:53:52'),(45,42,'2002-05-03 14:45:33'),(47,47,'1989-10-25 18:20:41'),(49,91,'2008-07-09 06:04:01'),(52,26,'1998-03-06 21:08:52'),(53,23,'1986-07-17 13:53:11'),(55,55,'2018-08-25 02:33:10'),(55,63,'1992-01-09 20:55:45'),(57,34,'1984-10-14 22:12:27'),(57,39,'1975-01-14 16:43:14'),(57,43,'2008-11-20 08:12:11'),(57,75,'1976-01-12 00:10:35'),(59,6,'1977-02-02 23:14:07'),(60,71,'2014-05-04 01:11:49'),(61,32,'1995-08-28 15:11:31'),(62,53,'2006-12-14 19:55:37'),(62,81,'2019-07-09 11:27:35'),(64,46,'2010-07-04 14:06:22'),(64,96,'2018-12-28 09:11:30'),(64,97,'1975-07-26 19:44:06'),(67,30,'1971-05-10 19:18:25'),(67,32,'1980-05-18 01:46:46'),(70,44,'1979-07-05 19:29:44'),(71,58,'2005-05-31 11:42:39'),(72,37,'1992-05-08 05:44:02'),(73,59,'1995-03-10 00:54:21'),(73,93,'1984-06-04 22:21:32'),(74,38,'1984-08-09 09:39:35'),(74,64,'1987-01-17 05:33:02'),(74,86,'1996-12-29 01:55:53'),(75,25,'2005-01-04 01:13:00'),(75,35,'1971-02-13 11:40:05'),(77,56,'2016-06-16 06:00:21'),(77,79,'2017-06-12 10:59:58'),(78,9,'2008-01-09 21:04:24'),(78,37,'1990-06-26 04:31:16'),(80,93,'2012-04-08 19:11:10'),(81,45,'1972-06-30 09:18:20'),(82,24,'2010-09-05 19:42:44'),(82,65,'1998-11-29 15:31:05'),(83,65,'1984-02-15 03:18:03'),(83,75,'1974-04-27 17:46:25'),(85,20,'1981-03-05 10:34:38'),(86,62,'1977-06-30 21:51:29'),(87,45,'2013-07-02 01:23:21'),(87,51,'2015-03-31 15:25:23'),(87,80,'1974-01-23 19:51:10'),(88,48,'2017-07-04 08:08:30'),(89,62,'1985-10-20 01:46:02'),(91,31,'2009-02-21 15:13:40'),(91,73,'1982-06-20 12:01:56'),(92,38,'1985-03-20 18:54:59'),(92,40,'1975-06-22 03:43:29'),(92,96,'2000-01-21 20:14:38'),(94,46,'1982-02-04 22:47:53'),(95,33,'1993-11-11 13:17:53'),(95,87,'2003-02-08 03:25:04'),(96,90,'1987-06-02 12:34:04'),(98,11,'1993-02-01 23:31:59'),(98,51,'1995-02-22 23:20:55'),(98,55,'2020-01-22 18:08:31'),(100,59,'1979-10-12 01:30:53');
/*!40000 ALTER TABLE `communities_users` ENABLE KEYS */;
UNLOCK TABLES;

--
-- Table structure for table `friendship`
--

DROP TABLE IF EXISTS `friendship`;
/*!40101 SET @saved_cs_client     = @@character_set_client */;
/*!40101 SET character_set_client = utf8 */;
CREATE TABLE `friendship` (
  `user_id` int unsigned NOT NULL COMMENT '╨б╤Б╤Л╨╗╨║╨░ ╨╜╨░ ╨╕╨╜╨╕╤Ж╨╕╨░╤В╨╛╤А╨░ ╨┤╤А╤Г╨╢╨╡╤Б╨║╨╕╤Е ╨╛╤В╨╜╨╛╤И╨╡╨╜╨╕╨╣',
  `friend_id` int unsigned NOT NULL COMMENT '╨б╤Б╤Л╨╗╨║╨░ ╨╜╨░ ╨┐╨╛╨╗╤Г╤З╨░╤В╨╡╨╗╤П ╨┐╤А╨╕╨│╨╗╨░╤И╨╡╨╜╨╕╤П ╨┤╤А╤Г╨╢╨╕╤В╤М',
  `status_id` int unsigned NOT NULL COMMENT '╨б╤Б╤Л╨╗╨║╨░ ╨╜╨░ ╤Б╤В╨░╤В╤Г╤Б (╤В╨╡╨║╤Г╤Й╨╡╨╡ ╤Б╨╛╤Б╤В╨╛╤П╨╜╨╕╨╡) ╨╛╤В╨╜╨╛╤И╨╡╨╜╨╕╨╣',
  `requested_at` datetime DEFAULT CURRENT_TIMESTAMP COMMENT '╨Т╤А╨╡╨╝╤П ╨╛╤В╨┐╤А╨░╨▓╨╗╨╡╨╜╨╕╤П ╨┐╤А╨╕╨│╨╗╨░╤И╨╡╨╜╨╕╤П ╨┤╤А╤Г╨╢╨╕╤В╤М',
  `confirmed_at` datetime DEFAULT NULL COMMENT '╨Т╤А╨╡╨╝╤П ╨┐╨╛╨┤╤В╨▓╨╡╤А╨╢╨┤╨╡╨╜╨╕╤П ╨┐╤А╨╕╨│╨╗╨░╤И╨╡╨╜╨╕╤П',
  `created_at` datetime DEFAULT CURRENT_TIMESTAMP COMMENT '╨Т╤А╨╡╨╝╤П ╤Б╨╛╨╖╨┤╨░╨╜╨╕╤П ╤Б╤В╤А╨╛╨║╨╕',
  `updated_at` datetime DEFAULT CURRENT_TIMESTAMP ON UPDATE CURRENT_TIMESTAMP COMMENT '╨Т╤А╨╡╨╝╤П ╨╛╨▒╨╜╨╛╨▓╨╗╨╡╨╜╨╕╤П ╤Б╤В╤А╨╛╨║╨╕',
  PRIMARY KEY (`user_id`,`friend_id`) COMMENT '╨б╨╛╤Б╤В╨░╨▓╨╜╨╛╨╣ ╨┐╨╡╤А╨▓╨╕╤З╨╜╤Л╨╣ ╨║╨╗╤О╤З'
) ENGINE=InnoDB DEFAULT CHARSET=utf8 COLLATE=utf8_unicode_ci COMMENT='╨в╨░╨▒╨╗╨╕╤Ж╨░ ╨┤╤А╤Г╨╢╨▒╤Л';
/*!40101 SET character_set_client = @saved_cs_client */;

--
-- Dumping data for table `friendship`
--

LOCK TABLES `friendship` WRITE;
/*!40000 ALTER TABLE `friendship` DISABLE KEYS */;
INSERT INTO `friendship` VALUES (1,16,68,'1992-10-25 06:31:40','2011-08-05 14:52:44','1984-10-28 00:57:06','2000-03-06 09:03:32'),(1,54,67,'1975-06-12 01:35:35','1995-09-06 20:33:46','2000-07-13 11:32:13','1980-03-30 13:13:02'),(2,25,21,'1975-12-02 18:40:09','1972-05-18 22:20:00','2015-12-15 18:32:09','1980-03-27 20:21:32'),(3,32,35,'1993-10-08 08:38:04','2008-06-17 18:25:50','2002-04-18 22:26:43','1995-06-19 09:29:41'),(3,62,10,'2019-09-02 16:43:42','2018-06-16 02:21:34','1991-10-18 10:18:39','2016-08-16 17:32:25'),(7,58,65,'1984-06-28 18:50:22','1997-04-01 19:33:22','1991-12-01 08:18:42','2018-06-26 22:40:11'),(7,61,4,'1971-06-02 15:54:11','1987-02-15 14:41:39','1978-04-08 14:42:31','2011-08-29 15:20:28'),(7,99,5,'2001-04-05 14:10:35','1990-11-06 20:13:18','1995-07-21 10:18:44','1994-12-04 17:22:15'),(8,38,31,'1997-04-03 02:00:24','2017-12-04 23:28:41','2014-03-19 17:13:32','1974-11-12 20:33:56'),(9,25,16,'2018-07-13 10:06:57','2009-11-17 22:33:08','1993-05-27 22:59:34','2012-07-07 00:18:15'),(10,21,39,'1970-02-18 01:45:13','1974-09-11 12:57:44','1977-04-16 04:33:28','2015-06-02 17:25:42'),(13,76,26,'2001-02-14 18:12:52','2010-01-27 21:59:15','2010-12-05 23:42:08','2006-08-01 01:23:27'),(14,34,81,'2014-02-14 20:13:31','1994-11-20 10:07:29','1996-10-20 01:59:27','1977-07-07 19:01:42'),(14,84,46,'1972-07-24 04:30:47','1996-05-08 14:07:14','2019-01-06 16:21:56','2007-10-25 11:44:19'),(15,82,65,'1977-05-20 05:43:55','1984-01-17 22:47:22','1974-11-15 00:30:25','1993-01-04 06:57:42'),(16,70,56,'2006-06-03 22:18:48','1972-03-26 16:44:52','1988-07-07 06:04:52','1983-05-04 14:01:33'),(17,25,88,'1989-09-14 22:48:49','2002-09-10 04:37:29','2005-06-01 23:11:03','2008-04-25 22:29:00'),(18,43,64,'1990-05-14 18:32:35','1987-09-26 05:00:46','1999-02-26 22:20:36','1977-12-27 05:03:01'),(18,57,43,'1972-08-11 11:25:09','1977-10-02 18:59:34','2001-12-02 13:28:54','1994-02-17 01:23:46'),(19,63,36,'1985-01-20 01:54:38','1988-04-03 20:07:41','2018-05-14 02:38:39','1975-02-19 15:32:57'),(20,45,70,'2013-08-28 18:31:50','1989-10-03 19:07:21','2004-08-28 18:26:37','1987-07-16 01:49:07'),(20,52,23,'2010-11-04 17:29:01','2019-09-11 09:06:35','2011-02-19 11:00:01','1984-12-23 20:14:54'),(20,96,17,'1975-11-21 15:04:17','2007-11-08 03:53:15','1974-06-28 13:37:14','1980-07-31 05:12:32'),(21,41,98,'1974-08-11 15:54:15','1972-07-16 21:58:47','1996-05-08 15:11:13','1976-07-25 18:40:06'),(21,63,92,'1995-08-17 11:13:06','1989-04-19 03:30:38','1975-07-25 07:40:38','2010-04-02 04:39:14'),(23,36,6,'2004-03-31 10:29:33','1995-04-04 04:40:51','2005-06-13 03:49:50','2016-03-02 15:15:26'),(24,99,2,'1982-10-28 01:59:27','1976-03-02 17:28:02','1981-01-11 05:17:36','1979-05-08 04:01:55'),(27,81,30,'2008-01-14 11:41:50','2015-07-06 16:25:52','2014-03-01 07:36:07','1996-03-30 13:55:10'),(28,29,49,'1975-10-07 08:13:10','1977-06-23 02:13:25','2003-05-17 12:13:48','1980-10-04 14:30:47'),(28,87,54,'1976-09-29 06:28:41','2011-08-24 23:44:01','1978-10-20 05:09:54','1981-06-07 13:11:14'),(29,13,25,'2008-12-10 16:22:37','2001-07-07 05:51:59','1974-11-09 01:00:18','2013-08-01 17:09:13'),(32,84,26,'2020-01-14 18:19:29','1975-07-23 02:30:26','1973-08-01 21:20:22','1992-12-10 23:03:26'),(34,3,11,'2011-06-08 11:32:10','2011-09-11 05:56:18','1994-07-08 17:24:16','1971-04-04 00:53:41'),(34,64,16,'1991-05-20 21:20:41','1971-12-04 17:04:02','2016-07-03 00:33:43','2015-12-29 09:07:08'),(36,26,73,'2003-02-22 10:40:30','1981-11-17 23:39:31','1986-10-24 10:48:37','2005-03-09 15:18:55'),(36,42,91,'2014-07-30 08:45:03','2014-07-16 12:14:23','1992-03-17 23:06:44','1984-11-12 07:29:44'),(37,3,8,'1988-02-20 03:11:02','1980-07-08 07:37:31','2009-05-21 02:46:50','2001-08-11 14:47:12'),(39,30,23,'2015-08-20 10:30:34','2016-08-15 13:59:30','2016-02-06 16:16:59','2008-01-22 05:11:51'),(40,10,37,'2013-12-24 11:42:09','2005-04-23 05:59:38','1998-09-06 12:18:17','1981-12-06 15:16:12'),(41,49,96,'2014-03-29 01:43:15','1998-04-26 01:57:49','1994-09-20 10:02:51','1993-05-01 23:52:42'),(41,72,63,'1982-07-01 17:34:40','1976-10-24 21:18:08','2003-07-18 03:28:39','1995-07-08 15:21:34'),(42,14,56,'2015-06-11 21:32:56','1982-11-25 23:34:27','2009-05-10 07:28:47','1974-12-13 02:47:25'),(42,34,19,'2005-05-07 05:35:54','1972-01-02 12:48:13','1974-02-15 01:41:56','1991-11-16 01:37:04'),(43,73,33,'1977-09-05 04:55:19','2009-10-15 12:15:15','1995-05-30 16:04:46','1991-03-15 13:49:44'),(45,22,41,'2013-02-04 13:42:04','1990-09-15 20:31:14','2009-02-11 21:57:40','2013-09-02 23:34:02'),(45,69,81,'1972-06-11 19:49:33','2009-10-06 21:45:12','1972-11-05 04:49:50','1971-05-10 19:27:39'),(45,72,42,'2006-12-02 02:47:28','1979-07-10 04:52:47','2006-11-04 01:05:46','2014-12-15 16:21:49'),(46,43,8,'1971-06-03 22:20:01','2002-01-22 15:44:29','1987-03-11 23:52:20','1998-04-13 05:06:33'),(46,85,19,'2000-09-21 15:55:37','1999-04-14 15:27:44','2011-08-23 03:40:14','2011-07-09 21:50:28'),(47,61,65,'2010-12-05 04:56:16','1972-08-09 04:13:35','2004-11-30 16:50:20','1975-10-01 08:18:02'),(47,93,63,'1985-01-20 03:49:20','1990-05-03 11:49:09','2016-05-16 19:40:48','1992-04-11 14:19:19'),(48,70,28,'1980-08-31 00:01:55','1979-12-01 09:16:42','1972-03-06 07:21:25','2007-05-02 13:56:36'),(49,83,77,'1977-12-28 13:15:11','1974-05-18 07:33:36','1990-05-16 02:38:03','1973-06-02 12:18:51'),(50,17,51,'1977-01-08 06:29:37','1974-01-24 18:28:38','1975-01-02 19:58:01','1975-01-21 13:21:48'),(51,43,42,'1984-04-08 19:24:51','2000-08-10 15:47:07','2017-08-30 01:29:10','1989-07-28 11:57:41'),(53,16,17,'2015-08-03 12:54:44','1983-10-09 19:41:09','2012-05-21 03:15:34','1974-09-25 21:56:38'),(56,14,86,'2004-10-04 19:03:27','1975-05-11 16:33:03','1976-05-26 17:09:02','1971-11-10 03:26:00'),(56,20,77,'2004-01-18 03:23:40','2019-03-26 13:38:35','1996-04-09 12:22:21','1999-08-31 23:21:19'),(56,60,99,'1996-03-16 17:44:53','1997-10-19 23:29:24','1991-03-15 10:19:48','1993-02-24 17:25:24'),(58,35,75,'2012-08-20 06:11:49','2019-06-16 04:51:35','1985-07-04 19:44:08','1974-01-21 08:46:08'),(59,41,93,'1977-11-26 02:22:55','2010-07-09 12:52:20','1979-12-27 08:14:03','1987-03-09 18:18:28'),(60,96,44,'1982-02-13 01:01:47','2017-04-05 03:43:52','2002-07-05 13:32:49','1974-10-26 04:57:11'),(62,20,94,'2010-06-03 14:39:38','2011-04-06 06:48:05','2008-05-26 18:07:02','2015-01-23 04:01:58'),(64,13,61,'1982-01-28 20:45:27','1974-04-05 16:01:39','2009-12-23 23:05:03','2001-08-10 00:56:08'),(64,97,6,'1971-11-14 10:50:59','2007-11-26 00:10:08','2001-12-27 01:55:52','1989-03-08 22:40:39'),(66,70,47,'1980-01-26 06:07:11','2018-08-31 09:33:06','2005-12-20 16:57:18','1978-08-01 07:23:05'),(66,89,37,'1993-06-13 11:41:11','1988-01-27 01:46:23','2020-06-05 01:19:02','1984-08-19 22:47:31'),(67,18,52,'1981-01-19 07:50:05','1975-05-12 22:52:21','1986-07-04 21:15:34','1997-11-09 21:15:04'),(67,79,96,'1979-06-25 21:11:21','1974-04-27 23:24:55','2010-05-21 16:56:51','1972-11-27 15:57:11'),(67,89,18,'1982-11-13 11:53:08','2012-08-12 08:09:37','2003-07-19 19:18:01','1971-06-16 19:04:25'),(68,42,57,'1974-12-26 22:46:37','1977-11-30 20:54:42','1977-08-25 11:06:45','1980-10-19 14:27:23'),(73,17,74,'2018-12-15 07:17:29','1981-07-18 03:11:39','2018-11-07 11:12:40','2010-02-02 07:53:14'),(75,82,83,'1995-01-05 02:53:56','1996-01-29 23:53:00','1997-01-18 17:43:27','2017-01-23 00:09:19'),(78,20,9,'1976-03-23 07:16:29','2002-07-02 07:13:09','2019-07-14 16:00:42','2015-12-17 12:39:16'),(79,70,23,'1989-09-01 23:11:08','1984-04-11 04:28:54','1989-08-02 05:51:17','2014-11-30 13:09:28'),(80,11,73,'2000-06-07 15:56:17','1996-10-16 19:57:08','1976-04-28 22:28:09','2000-06-26 00:31:46'),(80,100,98,'2008-09-13 23:07:57','2003-03-22 08:13:28','1998-09-27 06:24:40','2010-01-01 17:08:34'),(83,34,95,'2007-03-22 07:23:10','2016-10-13 12:12:42','1993-05-08 23:14:26','1998-07-21 21:16:35'),(83,53,42,'1973-03-21 05:16:08','1987-08-22 10:16:21','1995-03-06 05:37:34','1998-11-07 03:22:26'),(83,72,76,'1976-02-27 07:09:06','1980-03-22 02:20:51','2012-03-12 17:35:09','1995-05-07 19:18:33'),(85,52,91,'1989-11-19 03:09:24','1987-01-16 17:25:58','2010-10-25 07:18:52','2018-01-01 16:56:43'),(86,72,96,'1972-11-11 14:12:49','1998-08-04 00:16:07','2008-07-16 15:47:30','1988-08-20 01:50:24'),(87,12,45,'2000-09-03 13:26:04','1978-11-18 04:56:59','2017-05-22 03:04:00','2013-05-09 00:38:05'),(88,45,52,'2011-11-05 00:37:05','1997-10-17 20:10:13','2006-04-30 09:21:06','1991-01-31 09:52:25'),(88,58,72,'2017-07-11 10:22:59','2005-02-04 11:21:11','1990-03-19 13:04:49','1996-06-16 21:39:43'),(89,71,85,'2004-02-03 11:18:28','1972-05-24 21:25:03','1978-09-19 13:53:30','1971-05-13 23:28:11'),(90,77,61,'1998-01-01 16:34:45','2018-01-23 05:12:36','2005-07-04 16:13:57','1978-06-08 02:05:58'),(91,30,50,'1973-06-21 16:48:38','1997-12-13 01:52:18','1971-08-25 00:51:40','1970-11-28 03:15:08'),(91,89,90,'2016-06-28 12:45:26','2009-05-26 23:37:25','2004-06-17 07:35:47','2005-11-07 16:34:31'),(92,13,94,'1999-05-21 08:23:54','1972-05-25 04:57:30','2007-04-14 05:24:25','2002-05-13 05:29:24'),(92,51,29,'2012-06-17 17:35:09','1987-07-18 23:17:37','1980-12-11 13:20:03','1983-03-06 10:43:43'),(93,19,9,'1991-09-23 15:06:31','1993-04-22 01:50:33','1999-05-13 17:35:34','2010-06-16 23:41:30'),(93,64,76,'1975-11-22 09:44:45','1973-03-08 07:23:50','2002-12-18 07:45:27','1993-02-09 09:42:31'),(94,20,8,'2019-12-15 16:20:42','2003-09-27 07:16:22','2014-03-23 22:51:30','2015-10-01 09:49:50'),(94,84,76,'1997-11-25 15:14:11','2000-02-18 22:50:01','2008-12-12 05:51:11','2016-05-14 00:52:58'),(94,100,20,'1982-04-18 11:10:51','1974-02-08 06:25:09','1981-11-17 19:15:45','2002-05-24 14:15:39'),(97,57,5,'2019-03-03 09:46:43','2017-07-12 13:37:40','2003-10-06 19:20:48','2017-09-10 08:25:43'),(99,44,37,'2014-12-08 10:28:52','1997-03-09 16:06:03','1982-04-24 11:48:10','2015-09-19 06:27:08'),(100,6,81,'1984-08-27 02:01:32','2009-01-07 07:38:49','2009-03-28 19:21:39','2003-08-02 08:50:09'),(100,96,71,'1989-02-09 06:19:15','1975-11-04 03:07:21','1977-09-23 10:37:49','1991-09-20 23:29:53');
/*!40000 ALTER TABLE `friendship` ENABLE KEYS */;
UNLOCK TABLES;

--
-- Table structure for table `friendship_statuses`
--

DROP TABLE IF EXISTS `friendship_statuses`;
/*!40101 SET @saved_cs_client     = @@character_set_client */;
/*!40101 SET character_set_client = utf8 */;
CREATE TABLE `friendship_statuses` (
  `id` int unsigned NOT NULL AUTO_INCREMENT COMMENT '╨Ш╨┤╨╡╨╜╤В╨╕╤Д╨╕╨║╨░╤В╨╛╤А ╤Б╤В╤А╨╛╨║╨╕',
  `name` varchar(150) CHARACTER SET utf8 COLLATE utf8_unicode_ci NOT NULL COMMENT '╨Э╨░╨╖╨▓╨░╨╜╨╕╨╡ ╤Б╤В╨░╤В╤Г╤Б╨░',
  `created_at` datetime DEFAULT CURRENT_TIMESTAMP COMMENT '╨Т╤А╨╡╨╝╤П ╤Б╨╛╨╖╨┤╨░╨╜╨╕╤П ╤Б╤В╤А╨╛╨║╨╕',
  `updated_at` datetime DEFAULT CURRENT_TIMESTAMP ON UPDATE CURRENT_TIMESTAMP COMMENT '╨Т╤А╨╡╨╝╤П ╨╛╨▒╨╜╨╛╨▓╨╗╨╡╨╜╨╕╤П ╤Б╤В╤А╨╛╨║╨╕',
  PRIMARY KEY (`id`),
  UNIQUE KEY `name` (`name`)
) ENGINE=InnoDB AUTO_INCREMENT=101 DEFAULT CHARSET=utf8 COLLATE=utf8_unicode_ci COMMENT='╨б╤В╨░╤В╤Г╤Б╤Л ╨┤╤А╤Г╨╢╨▒╤Л';
/*!40101 SET character_set_client = @saved_cs_client */;

--
-- Dumping data for table `friendship_statuses`
--

LOCK TABLES `friendship_statuses` WRITE;
/*!40000 ALTER TABLE `friendship_statuses` DISABLE KEYS */;
INSERT INTO `friendship_statuses` VALUES (1,'ab','1970-11-09 02:17:05','1997-07-12 05:36:14'),(2,'sed','1979-10-15 05:49:51','1993-05-28 13:30:59'),(3,'cum','1996-09-07 14:25:36','2019-11-01 16:01:33'),(4,'adipisci','2005-04-29 08:22:10','1972-05-15 19:00:50'),(5,'qui','2012-02-18 11:19:59','2003-12-06 11:44:51'),(6,'consequatur','2001-04-04 02:12:10','1999-08-07 06:55:12'),(7,'voluptatem','2008-09-18 17:00:34','1991-06-11 15:38:15'),(8,'eos','2017-09-20 08:41:55','1985-06-26 08:22:41'),(9,'et','2015-03-26 21:01:15','2011-06-15 22:28:23'),(10,'dolore','2010-01-14 07:13:19','2003-08-04 10:01:29'),(11,'eaque','2001-07-26 20:34:00','1997-12-31 11:44:25'),(12,'tempora','2012-08-17 06:45:06','1983-03-26 03:45:50'),(13,'laborum','1972-06-16 00:19:40','1974-08-20 19:18:17'),(14,'maiores','1976-06-05 07:02:56','1977-02-02 15:44:09'),(15,'ipsa','2010-02-07 21:38:10','1977-04-21 18:50:54'),(16,'hic','1999-11-05 20:01:39','2014-04-27 17:23:04'),(17,'earum','1984-01-12 16:19:57','1988-05-24 21:36:19'),(18,'illo','1984-12-25 03:41:23','1998-12-08 22:29:15'),(19,'explicabo','2006-12-30 22:16:23','1976-09-21 11:30:15'),(20,'blanditiis','2013-08-31 11:22:46','2006-03-29 23:09:11'),(21,'harum','1987-07-12 13:54:59','2020-04-23 10:51:13'),(22,'aliquid','2013-07-18 11:02:39','2019-02-23 15:12:15'),(23,'provident','1982-04-04 11:46:33','1974-12-14 01:13:35'),(24,'inventore','1985-06-16 11:16:35','2007-09-18 18:18:21'),(25,'mollitia','2017-01-10 09:29:16','1989-07-01 01:06:14'),(26,'cupiditate','1990-03-29 00:34:54','1995-02-14 13:27:37'),(27,'quis','2003-10-11 00:56:53','1974-06-01 12:54:29'),(28,'accusantium','1992-04-07 21:58:54','2015-03-19 13:47:34'),(29,'laboriosam','2001-02-12 22:10:42','2002-05-10 02:35:55'),(30,'eveniet','1981-10-12 11:55:25','1975-05-30 00:16:23'),(31,'iure','2009-09-18 17:04:41','1985-01-19 23:38:35'),(32,'commodi','1989-10-27 00:17:29','1978-12-25 17:49:10'),(33,'est','2004-12-28 04:06:18','1978-03-18 10:05:29'),(34,'ut','2007-02-10 11:23:09','1990-08-01 05:04:56'),(35,'laudantium','1987-10-31 23:49:12','1987-02-26 18:17:10'),(36,'aspernatur','1977-09-27 02:30:01','2010-06-03 15:10:52'),(37,'quo','2016-03-28 06:52:48','2018-04-06 14:39:50'),(38,'sint','1999-06-26 17:32:02','1999-03-13 01:19:15'),(39,'ipsum','2018-12-01 04:21:58','1989-07-19 01:53:49'),(40,'dolores','1987-01-08 12:08:36','2008-02-13 16:57:06'),(41,'ad','1984-08-19 20:40:49','1997-10-30 18:31:12'),(42,'quaerat','2010-07-19 20:25:02','1975-09-21 03:49:36'),(43,'error','1978-03-07 16:53:51','1986-03-13 23:15:08'),(44,'esse','1970-12-14 02:47:50','2010-04-10 06:51:58'),(45,'enim','2005-02-01 02:59:05','1983-09-19 05:28:47'),(46,'non','1976-05-22 10:33:45','2010-12-14 02:09:30'),(47,'neque','1976-08-30 10:23:56','2001-04-14 07:58:34'),(48,'molestiae','2007-07-16 02:07:49','1972-02-21 13:54:48'),(49,'odit','2013-10-18 12:07:23','2001-12-02 09:27:09'),(50,'perspiciatis','1984-09-26 03:09:45','1975-02-12 12:34:13'),(51,'corrupti','2003-08-24 16:05:12','2019-07-20 01:04:42'),(52,'necessitatibus','2015-06-03 09:42:29','1990-03-30 09:24:01'),(53,'nisi','2016-03-22 09:27:26','1998-01-10 08:11:25'),(54,'suscipit','2005-03-24 08:36:45','1972-06-17 23:27:23'),(55,'itaque','2007-08-18 05:23:58','1976-03-15 12:16:14'),(56,'rerum','2012-07-17 13:29:25','2012-03-24 17:38:56'),(57,'aut','1973-08-12 02:28:11','1985-09-06 22:32:24'),(58,'soluta','1980-03-14 03:06:40','2005-11-12 09:33:38'),(59,'dolorem','1989-12-26 10:38:04','1980-10-10 06:37:42'),(60,'rem','1981-10-11 13:24:20','1977-11-30 12:21:43'),(61,'quia','1974-07-17 15:27:14','1986-09-28 09:24:27'),(62,'sequi','1991-09-06 05:33:35','1978-02-01 02:52:11'),(63,'officiis','1971-11-25 10:41:08','2005-10-27 17:15:24'),(64,'vel','2016-03-06 21:15:37','2015-09-13 20:02:06'),(65,'velit','1976-10-09 15:02:33','1970-01-04 08:23:28'),(66,'modi','1976-12-04 20:46:17','2009-02-27 16:36:34'),(67,'ipsam','2014-02-23 12:34:14','2017-12-28 13:15:41'),(68,'autem','1973-07-06 10:53:17','2010-06-06 09:19:09'),(69,'magni','1989-10-18 20:58:27','2005-09-15 07:54:06'),(70,'culpa','1981-02-20 00:26:06','1997-10-02 06:49:37'),(71,'quidem','1999-04-20 01:48:10','1985-01-19 11:10:24'),(72,'id','1998-06-03 19:48:25','1972-10-01 08:06:42'),(73,'iste','1998-11-26 08:35:11','2012-04-22 13:58:30'),(74,'repellat','2001-05-29 21:54:30','1992-01-22 05:28:55'),(75,'beatae','1993-02-24 06:30:03','1975-11-04 22:26:53'),(76,'doloribus','1988-10-10 10:07:25','2000-07-23 20:33:03'),(77,'repudiandae','2001-08-12 03:33:29','2000-12-24 21:04:56'),(78,'facere','1971-04-21 00:22:08','2010-05-31 00:26:52'),(79,'minima','1991-03-28 13:17:17','1980-10-15 18:19:06'),(80,'ea','1994-04-26 12:07:21','2007-10-20 04:10:17'),(81,'distinctio','1976-04-07 03:38:52','2004-01-26 22:43:38'),(82,'asperiores','1991-05-31 02:55:34','1999-04-17 01:01:38'),(83,'quam','2000-07-20 03:23:25','2008-01-08 22:46:09'),(84,'magnam','2002-12-14 20:59:25','2017-10-11 00:09:33'),(85,'optio','2002-03-16 12:54:07','2004-04-17 04:21:34'),(86,'fugit','1971-03-15 02:50:27','1983-11-06 06:04:35'),(87,'iusto','1992-01-22 16:26:32','1980-08-16 15:19:48'),(88,'nesciunt','1975-11-21 09:24:56','2016-01-29 20:22:54'),(89,'voluptatibus','2014-04-09 15:26:54','2013-03-10 22:14:39'),(90,'dolorum','1993-01-30 13:49:13','1978-01-20 11:13:03'),(91,'facilis','1970-02-01 19:47:12','2011-01-21 21:34:12'),(92,'dignissimos','1991-11-30 20:51:26','1970-09-01 09:17:34'),(93,'natus','2004-02-02 04:02:54','1982-03-14 21:53:46'),(94,'perferendis','2017-10-15 00:13:55','2011-03-06 21:53:12'),(95,'voluptates','1987-04-08 22:05:21','1998-05-31 22:00:19'),(96,'totam','1995-04-20 21:14:22','2004-05-17 03:32:33'),(97,'dolor','2000-12-08 10:56:13','1992-01-30 11:44:03'),(98,'praesentium','2020-03-23 05:48:45','1983-11-06 14:05:49'),(99,'eum','1985-05-26 08:28:55','2014-07-24 22:12:29'),(100,'sit','2008-06-13 17:20:43','2013-06-12 23:19:33');
/*!40000 ALTER TABLE `friendship_statuses` ENABLE KEYS */;
UNLOCK TABLES;

--
-- Table structure for table `media`
--

DROP TABLE IF EXISTS `media`;
/*!40101 SET @saved_cs_client     = @@character_set_client */;
/*!40101 SET character_set_client = utf8 */;
CREATE TABLE `media` (
  `id` int unsigned NOT NULL AUTO_INCREMENT COMMENT '╨Ш╨┤╨╡╨╜╤В╨╕╤Д╨╕╨║╨░╤В╨╛╤А ╤Б╤В╤А╨╛╨║╨╕',
  `user_id` int unsigned NOT NULL COMMENT '╨б╤Б╤Л╨╗╨║╨░ ╨╜╨░ ╨┐╨╛╨╗╤М╨╖╨╛╨▓╨░╤В╨╡╨╗╤П, ╨║╨╛╤В╨╛╤А╤Л╨╣ ╨╖╨░╨│╤А╤Г╨╖╨╕╨╗ ╤Д╨░╨╣╨╗',
  `filename` varchar(255) CHARACTER SET utf8 COLLATE utf8_unicode_ci NOT NULL COMMENT '╨Я╤Г╤В╤М ╨║ ╤Д╨░╨╣╨╗╤Г',
  `size` int NOT NULL COMMENT '╨а╨░╨╖╨╝╨╡╤А ╤Д╨░╨╣╨╗╨░',
  `metadata` longtext CHARACTER SET utf8mb4 COLLATE utf8mb4_bin COMMENT '╨Ь╨╡╤В╨░╨┤╨░╨╜╨╜╤Л╨╡ ╤Д╨░╨╣╨╗╨░',
  `media_type_id` int unsigned NOT NULL COMMENT '╨б╤Б╤Л╨╗╨║╨░ ╨╜╨░ ╤В╨╕╨┐ ╨║╨╛╨╜╤В╨╡╨╜╤В╨░',
  `created_at` datetime DEFAULT CURRENT_TIMESTAMP COMMENT '╨Т╤А╨╡╨╝╤П ╤Б╨╛╨╖╨┤╨░╨╜╨╕╤П ╤Б╤В╤А╨╛╨║╨╕',
  `updated_at` datetime DEFAULT CURRENT_TIMESTAMP ON UPDATE CURRENT_TIMESTAMP COMMENT '╨Т╤А╨╡╨╝╤П ╨╛╨▒╨╜╨╛╨▓╨╗╨╡╨╜╨╕╤П ╤Б╤В╤А╨╛╨║╨╕',
  PRIMARY KEY (`id`),
  CONSTRAINT `media_chk_1` CHECK (json_valid(`metadata`))
) ENGINE=InnoDB AUTO_INCREMENT=101 DEFAULT CHARSET=utf8 COLLATE=utf8_unicode_ci COMMENT='╨Ь╨╡╨┤╨╕╨░╤Д╨░╨╣╨╗╤Л';
/*!40101 SET character_set_client = @saved_cs_client */;

--
-- Dumping data for table `media`
--

LOCK TABLES `media` WRITE;
/*!40000 ALTER TABLE `media` DISABLE KEYS */;
INSERT INTO `media` VALUES (1,66,'alias',7685,NULL,76,'2003-09-08 06:51:31','1974-03-04 06:44:32'),(2,35,'accusantium',742,NULL,79,'1995-02-11 11:43:46','1986-09-05 01:04:03'),(3,71,'minus',0,NULL,54,'2019-12-31 00:09:50','1980-07-31 18:10:17'),(4,65,'minus',36936149,NULL,79,'1980-03-21 21:53:53','1978-03-31 17:24:10'),(5,81,'molestias',12867,NULL,18,'2009-04-18 18:50:06','1999-05-22 19:12:46'),(6,2,'a',4,NULL,6,'1972-12-22 22:11:55','1976-09-12 21:00:51'),(7,99,'odit',51875187,NULL,71,'1977-10-16 05:58:26','1983-07-30 23:00:06'),(8,88,'ab',2620,NULL,52,'2001-06-03 12:25:33','1989-12-27 03:19:50'),(9,12,'alias',4593431,NULL,64,'2019-08-12 20:23:00','2001-01-17 03:05:22'),(10,2,'voluptas',9144,NULL,49,'1974-09-06 07:24:28','2013-09-05 22:50:51'),(11,46,'illo',4349,NULL,21,'2001-05-16 08:06:13','1981-11-03 11:42:56'),(12,18,'et',4,NULL,37,'1986-06-11 17:47:01','1977-09-16 19:12:55'),(13,27,'non',2888,NULL,95,'1975-05-01 00:38:06','2015-03-16 06:40:20'),(14,64,'quod',8718072,NULL,8,'1994-12-13 19:16:58','2000-03-06 12:25:08'),(15,81,'non',579555,NULL,96,'1976-11-20 15:31:36','1989-05-30 08:30:23'),(16,20,'ut',733730578,NULL,46,'2014-02-21 00:48:56','1977-10-20 19:35:06'),(17,71,'odio',2174524,NULL,54,'1991-02-22 03:17:01','1993-04-06 05:40:40'),(18,25,'sed',4403628,NULL,41,'1991-01-27 22:23:48','2000-01-04 21:22:25'),(19,7,'modi',2,NULL,90,'1996-11-21 12:06:33','2013-03-24 07:37:11'),(20,20,'et',4,NULL,88,'1987-09-03 04:27:47','1996-03-23 07:45:28'),(21,8,'quisquam',360,NULL,22,'2019-11-11 16:41:03','2007-07-27 17:28:16'),(22,94,'id',77,NULL,6,'1994-05-11 04:02:03','1993-05-25 19:57:08'),(23,92,'sit',272267582,NULL,81,'2017-10-29 04:07:00','1985-04-13 16:22:08'),(24,57,'rerum',366353590,NULL,3,'1992-11-01 19:32:09','1983-03-17 23:22:18'),(25,44,'aperiam',6168487,NULL,58,'1973-01-22 13:37:32','2007-04-23 14:14:50'),(26,52,'explicabo',56,NULL,90,'1991-01-11 16:20:53','2004-04-09 08:04:15'),(27,79,'quo',5196,NULL,70,'1984-07-22 17:03:56','1974-03-03 05:12:16'),(28,26,'quasi',758,NULL,5,'2005-03-03 14:02:36','1987-06-23 06:35:37'),(29,64,'quo',3567,NULL,90,'1979-02-05 18:57:13','2020-01-31 19:57:58'),(30,13,'excepturi',277,NULL,44,'1978-10-20 21:21:15','1975-01-16 23:01:39'),(31,85,'ut',28719,NULL,33,'2015-09-13 01:20:10','1983-07-27 23:32:03'),(32,90,'ut',4065257,NULL,56,'2008-02-02 16:43:54','2015-06-09 09:13:32'),(33,86,'excepturi',68946883,NULL,15,'2010-12-19 09:26:39','1998-08-29 18:32:49'),(34,97,'ut',0,NULL,93,'1977-10-20 00:56:35','1987-08-10 07:50:10'),(35,4,'maxime',135,NULL,16,'1989-02-01 04:03:49','1970-12-24 02:21:49'),(36,81,'esse',5319254,NULL,11,'1973-03-28 03:21:52','2018-09-10 23:53:45'),(37,37,'vel',0,NULL,74,'1986-12-08 09:25:16','1975-06-16 02:35:28'),(38,17,'atque',83792580,NULL,28,'2019-06-16 06:09:52','1981-10-31 22:36:19'),(39,54,'et',70927,NULL,74,'1992-07-20 08:53:09','1999-10-12 06:27:32'),(40,31,'odio',84,NULL,98,'2004-08-09 14:29:56','2013-04-09 13:35:03'),(41,31,'ut',338,NULL,83,'2013-12-15 19:39:02','1976-12-07 18:43:38'),(42,87,'aut',40940,NULL,10,'1974-06-03 01:42:11','1995-03-10 11:13:17'),(43,52,'quia',3331,NULL,13,'2011-12-15 14:06:51','1975-12-30 12:04:08'),(44,15,'fugiat',79708534,NULL,16,'2017-08-11 04:21:54','1987-09-02 10:16:23'),(45,2,'neque',909917293,NULL,28,'1973-03-19 11:06:27','2010-11-06 06:53:19'),(46,59,'optio',625765,NULL,87,'2008-09-27 20:14:44','1971-04-14 19:45:37'),(47,60,'sint',524844,NULL,49,'2010-12-06 14:12:46','1999-02-09 14:03:57'),(48,43,'eos',4271,NULL,46,'1978-07-18 14:36:04','1970-08-29 01:19:53'),(49,63,'quidem',127100067,NULL,39,'1992-04-11 10:25:23','1999-12-29 10:33:13'),(50,38,'voluptatem',3024,NULL,67,'1980-12-11 10:20:12','1972-06-09 07:09:41'),(51,55,'et',29,NULL,18,'1983-02-18 21:00:59','1972-08-04 08:31:02'),(52,78,'et',31,NULL,92,'1991-05-05 02:14:34','2004-05-23 14:43:59'),(53,91,'vel',59886289,NULL,94,'2010-07-18 03:18:39','1992-09-22 00:07:47'),(54,20,'quis',941400,NULL,45,'1986-04-17 11:52:39','1974-07-15 15:25:23'),(55,67,'similique',6,NULL,50,'1988-12-24 14:35:46','2014-10-26 13:15:03'),(56,42,'rem',5334676,NULL,98,'2009-12-06 07:01:53','1973-05-04 19:12:30'),(57,33,'dicta',162574,NULL,29,'2010-04-30 15:40:19','1994-11-22 06:43:52'),(58,8,'odit',876275,NULL,84,'1971-12-11 12:23:04','2001-12-11 20:20:46'),(59,41,'autem',468211,NULL,23,'1995-08-30 19:06:47','1979-08-14 00:57:00'),(60,99,'quia',1070428,NULL,43,'1985-08-31 20:20:14','2011-09-16 14:23:21'),(61,50,'voluptatem',132,NULL,58,'1976-06-28 00:31:53','2005-06-11 18:05:09'),(62,29,'cum',253157531,NULL,10,'1981-04-06 19:19:19','2006-03-15 17:47:11'),(63,6,'quia',481,NULL,71,'1990-10-29 00:37:18','2020-03-23 23:31:33'),(64,55,'qui',0,NULL,68,'1991-01-29 18:45:53','2019-01-20 22:22:35'),(65,10,'et',2,NULL,93,'1992-03-24 20:57:52','2006-09-26 13:28:43'),(66,34,'et',4587793,NULL,65,'1999-09-29 00:33:31','1988-11-19 22:37:58'),(67,11,'est',491821,NULL,12,'2013-01-02 02:18:29','1981-12-20 03:42:49'),(68,56,'sint',100,NULL,2,'2012-01-09 17:02:32','2000-09-27 22:13:54'),(69,5,'sed',74701,NULL,75,'2000-03-31 06:52:36','2016-07-30 22:54:16'),(70,46,'dolorum',0,NULL,72,'1999-01-17 21:13:57','1998-03-28 04:31:42'),(71,25,'magnam',427,NULL,87,'1984-05-29 11:15:18','2019-01-12 23:15:50'),(72,69,'quaerat',0,NULL,57,'1976-02-27 10:15:44','2006-12-12 16:18:22'),(73,15,'blanditiis',6,NULL,77,'1971-04-22 14:45:29','1989-10-27 18:13:56'),(74,41,'aliquid',0,NULL,56,'2018-05-28 14:50:26','1977-02-04 12:40:13'),(75,99,'et',9,NULL,40,'1999-09-01 19:28:05','1985-04-02 14:09:57'),(76,98,'veritatis',7674,NULL,49,'1982-12-31 05:36:34','1987-07-31 07:46:01'),(77,97,'culpa',43761,NULL,26,'2005-10-03 18:13:57','2014-10-12 05:12:28'),(78,58,'doloremque',40092209,NULL,3,'2009-04-07 00:16:23','1977-11-07 14:21:31'),(79,97,'atque',5230077,NULL,12,'1979-09-18 20:35:13','1993-10-17 03:47:12'),(80,71,'ea',8,NULL,7,'1981-04-28 03:41:06','1972-01-31 06:36:14'),(81,5,'sint',90,NULL,5,'2013-03-16 04:43:09','2001-10-25 08:27:54'),(82,71,'temporibus',9,NULL,15,'1991-10-29 12:37:24','2020-01-06 00:45:58'),(83,16,'nulla',23570694,NULL,27,'1998-01-11 03:22:43','1997-07-30 06:13:24'),(84,16,'omnis',0,NULL,20,'2001-07-16 22:03:27','1984-05-12 02:05:40'),(85,2,'provident',6,NULL,61,'1974-04-18 15:28:01','2011-05-10 23:06:35'),(86,92,'nobis',2,NULL,27,'2014-03-14 15:56:22','2000-10-09 16:06:16'),(87,48,'adipisci',2431398,NULL,61,'2011-01-16 13:29:24','2011-12-02 15:44:49'),(88,84,'sed',2829,NULL,63,'1994-09-18 21:48:33','1981-10-26 01:30:11'),(89,37,'optio',28843,NULL,24,'1972-03-14 17:04:40','1988-10-22 06:08:55'),(90,19,'quod',197,NULL,36,'1990-12-20 18:53:44','1987-08-27 01:39:04'),(91,64,'esse',219908447,NULL,16,'1986-08-12 19:48:49','2011-01-11 12:01:04'),(92,84,'totam',61,NULL,60,'2001-11-13 02:41:36','1996-02-07 09:33:39'),(93,42,'nulla',761,NULL,41,'1983-10-18 01:52:33','1988-04-08 14:51:27'),(94,63,'quidem',623,NULL,39,'1991-02-20 13:20:57','2016-10-23 14:56:20'),(95,53,'eveniet',3,NULL,33,'1989-11-30 22:31:14','1982-10-30 14:30:27'),(96,45,'qui',340998396,NULL,57,'2010-03-23 22:05:17','1995-01-13 18:52:20'),(97,37,'repellat',799542,NULL,16,'1973-01-03 15:41:58','1991-08-20 13:18:37'),(98,71,'omnis',991,NULL,52,'1989-08-28 23:07:13','2003-05-24 17:05:20'),(99,43,'sint',3,NULL,86,'1985-12-11 17:10:30','2001-10-24 04:51:38'),(100,72,'rerum',161072,NULL,44,'2005-02-26 06:55:34','1984-02-26 01:49:16');
/*!40000 ALTER TABLE `media` ENABLE KEYS */;
UNLOCK TABLES;

--
-- Table structure for table `media_types`
--

DROP TABLE IF EXISTS `media_types`;
/*!40101 SET @saved_cs_client     = @@character_set_client */;
/*!40101 SET character_set_client = utf8 */;
CREATE TABLE `media_types` (
  `id` int unsigned NOT NULL AUTO_INCREMENT COMMENT '╨Ш╨┤╨╡╨╜╤В╨╕╤Д╨╕╨║╨░╤В╨╛╤А ╤Б╤В╤А╨╛╨║╨╕',
  `name` varchar(255) CHARACTER SET utf8 COLLATE utf8_unicode_ci NOT NULL COMMENT '╨Э╨░╨╖╨▓╨░╨╜╨╕╨╡ ╤В╨╕╨┐╨░',
  `created_at` datetime DEFAULT CURRENT_TIMESTAMP COMMENT '╨Т╤А╨╡╨╝╤П ╤Б╨╛╨╖╨┤╨░╨╜╨╕╤П ╤Б╤В╤А╨╛╨║╨╕',
  `updated_at` datetime DEFAULT CURRENT_TIMESTAMP ON UPDATE CURRENT_TIMESTAMP COMMENT '╨Т╤А╨╡╨╝╤П ╨╛╨▒╨╜╨╛╨▓╨╗╨╡╨╜╨╕╤П ╤Б╤В╤А╨╛╨║╨╕',
  PRIMARY KEY (`id`),
  UNIQUE KEY `name` (`name`)
) ENGINE=InnoDB AUTO_INCREMENT=101 DEFAULT CHARSET=utf8 COLLATE=utf8_unicode_ci COMMENT='╨в╨╕╨┐╤Л ╨╝╨╡╨┤╨╕╨░╤Д╨░╨╣╨╗╨╛╨▓';
/*!40101 SET character_set_client = @saved_cs_client */;

--
-- Dumping data for table `media_types`
--

LOCK TABLES `media_types` WRITE;
/*!40000 ALTER TABLE `media_types` DISABLE KEYS */;
INSERT INTO `media_types` VALUES (1,'et','1999-01-23 16:03:38','2011-04-11 04:45:52'),(2,'adipisci','2019-08-01 17:18:36','1990-06-11 20:12:29'),(3,'id','1974-11-29 12:49:46','2007-08-23 09:48:16'),(4,'amet','1980-11-04 03:33:23','1979-01-03 04:42:44'),(5,'saepe','1977-05-27 09:22:14','1981-12-22 08:48:08'),(6,'ut','2018-01-21 20:29:30','1989-12-09 15:00:15'),(7,'dolores','1989-10-25 09:54:46','2018-06-30 14:11:39'),(8,'sed','1980-09-01 16:35:37','1997-12-18 02:23:09'),(9,'vero','1987-05-31 15:38:38','1976-03-10 20:12:46'),(10,'ea','2018-04-19 11:43:31','2017-07-26 01:11:21'),(11,'ipsa','1998-06-17 17:13:46','1997-11-17 23:38:58'),(12,'ratione','1979-03-06 23:56:24','2010-04-28 04:31:58'),(13,'rerum','1972-01-22 07:24:17','2017-02-09 09:03:14'),(14,'voluptatem','1988-03-04 03:59:15','2012-02-26 07:10:19'),(15,'eum','1978-04-21 17:12:33','1972-09-26 15:08:13'),(16,'unde','2017-04-22 18:25:22','1996-09-10 03:56:02'),(17,'repellat','1984-11-01 08:02:04','2001-11-07 13:26:08'),(18,'est','2017-04-07 15:26:59','1999-07-15 02:14:36'),(19,'quam','2008-01-22 23:07:19','2009-11-09 23:51:56'),(20,'aut','2009-04-24 05:09:53','1997-05-12 10:48:24'),(21,'voluptatibus','2014-04-28 02:40:15','1993-03-19 23:11:15'),(22,'officiis','1992-08-02 03:26:52','1992-09-14 13:24:34'),(23,'nesciunt','2007-09-13 06:12:42','1992-09-06 23:14:33'),(24,'numquam','2018-03-10 15:42:41','2016-03-11 21:35:37'),(25,'quia','1999-04-17 10:42:24','1976-07-15 06:58:14'),(26,'qui','1998-11-18 13:13:51','1980-10-01 03:02:11'),(27,'velit','1977-11-25 14:13:07','2009-10-04 17:19:31'),(28,'quibusdam','1974-11-10 00:28:30','2014-07-15 15:07:30'),(29,'libero','1975-07-10 20:21:19','2018-01-04 01:57:20'),(30,'sint','1991-08-06 08:53:10','1985-06-27 09:21:08'),(31,'aliquam','2000-06-19 18:47:05','1995-03-26 02:26:24'),(32,'reprehenderit','1986-07-14 16:32:08','2018-10-11 14:30:39'),(33,'dolor','1986-12-20 01:07:02','1989-10-31 04:41:37'),(34,'sequi','2017-01-11 11:04:04','1985-08-01 01:53:10'),(35,'omnis','1970-01-06 13:26:06','2005-04-23 17:31:10'),(36,'delectus','1984-09-29 15:33:34','2010-02-08 02:56:10'),(37,'a','1985-06-11 15:41:00','1992-09-05 13:23:39'),(38,'quis','1975-08-29 14:00:17','2018-07-01 12:12:40'),(39,'enim','1975-10-30 08:01:52','2004-04-26 01:54:03'),(40,'error','1982-06-24 23:52:48','1993-07-06 19:09:18'),(41,'deserunt','2016-03-03 04:21:08','2010-06-21 08:58:16'),(42,'magni','1974-08-24 02:15:43','2010-05-04 07:21:19'),(43,'non','1989-07-25 13:34:10','1997-09-09 03:59:27'),(44,'corrupti','2018-11-28 13:52:04','2002-04-24 20:43:51'),(45,'ex','1997-09-02 01:05:14','1986-11-05 07:34:40'),(46,'voluptas','1989-03-14 04:43:59','1996-04-14 22:08:49'),(47,'ullam','1979-06-05 10:35:35','1973-01-10 11:18:59'),(48,'explicabo','1982-09-02 01:39:30','1994-07-16 17:42:29'),(49,'ab','2001-05-29 12:43:14','1987-07-15 15:29:24'),(50,'atque','1995-02-16 02:35:57','1974-09-13 18:58:02'),(51,'natus','1988-06-24 19:24:29','2013-06-25 09:15:10'),(52,'dolorum','2013-09-24 12:20:36','1994-12-16 20:24:37'),(53,'eos','2019-01-06 11:46:53','2018-05-02 18:30:46'),(54,'iste','1976-11-06 00:20:25','1975-09-22 11:43:14'),(55,'odit','1993-06-20 12:04:02','1998-06-02 16:47:03'),(56,'ad','1972-06-30 11:51:12','1976-02-18 10:58:14'),(57,'nemo','1999-01-15 04:51:37','1989-08-03 10:42:58'),(58,'assumenda','2010-01-25 14:32:05','2006-01-02 14:08:03'),(59,'veritatis','1990-07-14 07:19:51','1993-01-13 07:17:35'),(60,'distinctio','2015-01-28 17:03:05','1975-02-04 00:52:53'),(61,'quae','1986-07-30 11:51:33','1992-08-17 08:39:58'),(62,'in','2014-12-21 02:37:55','1987-07-17 20:34:45'),(63,'voluptate','1992-06-03 03:06:36','2006-06-18 05:52:05'),(64,'porro','1982-06-01 00:55:21','2001-12-06 02:02:47'),(65,'vitae','1973-06-12 21:13:34','1972-07-30 19:34:31'),(66,'soluta','1977-10-07 03:36:05','1998-09-13 17:25:36'),(67,'necessitatibus','1999-09-12 01:54:13','1987-06-15 14:30:27'),(68,'cumque','2008-04-01 05:59:06','1971-05-05 04:50:05'),(69,'tenetur','2002-01-12 22:42:02','2011-07-30 07:49:05'),(70,'culpa','1982-05-04 15:32:01','2009-03-22 20:43:09'),(71,'hic','2007-08-12 23:25:08','2011-11-17 06:44:55'),(72,'recusandae','2011-12-27 18:15:26','2018-01-26 13:24:36'),(73,'tempore','1982-01-10 18:11:41','1994-08-01 03:25:20'),(74,'sit','2010-10-28 21:49:25','1971-12-07 18:23:01'),(75,'illum','1984-07-24 07:19:14','2016-10-05 08:03:15'),(76,'fugit','1978-10-17 23:31:46','1993-09-27 04:06:38'),(77,'exercitationem','1970-11-23 05:02:25','1978-08-16 04:13:30'),(78,'nihil','1990-03-12 23:53:23','1977-03-31 10:14:04'),(79,'molestiae','1982-07-29 10:48:33','1997-08-18 06:46:54'),(80,'dolorem','1993-03-24 17:29:23','2003-04-07 11:08:09'),(81,'suscipit','2010-07-14 02:47:32','2016-10-18 16:55:23'),(82,'possimus','1986-05-07 02:51:41','1970-07-27 21:41:49'),(83,'facere','2015-02-06 15:04:04','1978-06-04 14:07:21'),(84,'accusamus','1985-03-09 05:32:52','1996-05-25 23:58:54'),(85,'temporibus','1981-12-06 07:24:52','1973-06-15 19:36:22'),(86,'commodi','2017-04-22 05:42:31','1992-10-10 19:08:24'),(87,'voluptatum','2013-07-29 00:06:46','1992-03-08 07:26:20'),(88,'alias','1981-04-01 20:02:21','2011-01-11 02:13:38'),(89,'quas','1997-10-31 12:17:03','2007-05-01 09:26:57'),(90,'ipsum','1981-03-24 06:29:19','1987-05-23 10:48:15'),(91,'odio','1970-12-24 13:05:36','1988-01-24 06:26:10'),(92,'quo','1973-02-13 15:21:19','1994-05-04 00:25:59'),(93,'doloremque','1980-11-24 11:26:29','2015-04-08 23:00:04'),(94,'iusto','1986-10-08 18:35:10','1988-12-29 23:31:30'),(95,'debitis','1988-05-21 22:13:44','1995-02-16 13:52:11'),(96,'quisquam','1973-11-28 04:17:04','2016-08-25 08:38:41'),(97,'sunt','2007-08-22 09:08:02','1988-07-03 11:42:58'),(98,'nostrum','1997-03-16 09:27:00','1990-01-17 15:51:49'),(99,'laborum','2008-02-20 04:38:38','2005-09-01 07:20:56'),(100,'fugiat','1998-01-18 09:10:47','1977-02-15 05:32:37');
/*!40000 ALTER TABLE `media_types` ENABLE KEYS */;
UNLOCK TABLES;

--
-- Table structure for table `messages`
--

DROP TABLE IF EXISTS `messages`;
/*!40101 SET @saved_cs_client     = @@character_set_client */;
/*!40101 SET character_set_client = utf8 */;
CREATE TABLE `messages` (
  `id` int unsigned NOT NULL AUTO_INCREMENT COMMENT '╨Ш╨┤╨╡╨╜╤В╨╕╤Д╨╕╨║╨░╤В╨╛╤А ╤Б╤В╤А╨╛╨║╨╕',
  `from_user_id` int unsigned NOT NULL COMMENT '╨б╤Б╤Л╨╗╨║╨░ ╨╜╨░ ╨╛╤В╨┐╤А╨░╨▓╨╕╤В╨╡╨╗╤П ╤Б╨╛╨╛╨▒╤Й╨╡╨╜╨╕╤П',
  `to_user_id` int unsigned NOT NULL COMMENT '╨б╤Б╤Л╨╗╨║╨░ ╨╜╨░ ╨┐╨╛╨╗╤Г╤З╨░╤В╨╡╨╗╤П ╤Б╨╛╨╛╨▒╤Й╨╡╨╜╨╕╤П',
  `body` text CHARACTER SET utf8 COLLATE utf8_unicode_ci NOT NULL COMMENT '╨в╨╡╨║╤Б╤В ╤Б╨╛╨╛╨▒╤Й╨╡╨╜╨╕╤П',
  `is_important` tinyint(1) DEFAULT NULL COMMENT '╨Я╤А╨╕╨╖╨╜╨░╨║ ╨▓╨░╨╢╨╜╨╛╤Б╤В╨╕',
  `is_delivered` tinyint(1) DEFAULT NULL COMMENT '╨Я╤А╨╕╨╖╨╜╨░╨║ ╨┤╨╛╤Б╤В╨░╨▓╨║╨╕',
  `created_at` datetime DEFAULT CURRENT_TIMESTAMP COMMENT '╨Т╤А╨╡╨╝╤П ╤Б╨╛╨╖╨┤╨░╨╜╨╕╤П ╤Б╤В╤А╨╛╨║╨╕',
  PRIMARY KEY (`id`)
) ENGINE=InnoDB AUTO_INCREMENT=101 DEFAULT CHARSET=utf8 COLLATE=utf8_unicode_ci COMMENT='╨б╨╛╨╛╨▒╤Й╨╡╨╜╨╕╤П';
/*!40101 SET character_set_client = @saved_cs_client */;

--
-- Dumping data for table `messages`
--

LOCK TABLES `messages` WRITE;
/*!40000 ALTER TABLE `messages` DISABLE KEYS */;
INSERT INTO `messages` VALUES (1,36,31,'Harum asperiores consequatur occaecati quasi nihil non ut. Eveniet vel eveniet et optio qui ab facere non. Iste quis et aspernatur cum numquam quia. Non magnam sapiente magni eveniet sit.',1,1,'1971-05-11 15:32:26'),(2,70,26,'Alias non consequatur voluptatum suscipit maxime omnis rem. Magni quia nesciunt placeat repellat ut. Autem molestias rerum impedit. Esse id doloribus unde nihil perspiciatis qui neque.',1,1,'2007-10-23 05:59:43'),(3,41,5,'Adipisci omnis possimus labore ullam aliquid ea illum ad. Enim saepe quia natus sint et aut. Ipsam cupiditate quia pariatur est.',0,1,'2003-02-21 21:53:34'),(4,6,58,'Dolor non labore dolorum inventore minima et consectetur. Sapiente quo quod ab incidunt. Perspiciatis velit sed consequuntur aspernatur quam architecto magnam. Aut excepturi inventore aut et. Quis et earum ut et iusto.',1,1,'2007-12-05 09:47:14'),(5,27,29,'Eius quia delectus cumque sapiente soluta. Est eum ut omnis quam neque vel. Illum natus officia sit corrupti. Nobis tempora in est maiores assumenda ab sed.',1,1,'1974-08-12 04:42:57'),(6,83,29,'Voluptatem expedita dolores voluptas assumenda aut perferendis. Magnam debitis id tenetur error assumenda. Facilis ea et quo reprehenderit totam ut. Facilis non ut totam magni.',1,1,'1972-05-25 14:48:57'),(7,81,30,'Et atque deserunt deleniti architecto laborum in vel. Quis sit possimus explicabo et. Temporibus fuga rerum blanditiis sapiente debitis natus est.',0,0,'1977-09-05 13:01:35'),(8,19,71,'Quo molestiae sit suscipit quis non dolores. Fugiat fugiat magnam eos quas animi rerum esse enim. Culpa exercitationem voluptatibus placeat fugit soluta autem eius. Autem natus autem magnam quis repellendus.',1,0,'1983-05-08 16:57:05'),(9,36,78,'Cumque et aut placeat iusto eos a. Dolore eum recusandae cupiditate id. Dolorum id autem eligendi earum tempora.',0,1,'2017-06-02 06:07:56'),(10,74,24,'Et amet sint tempore dolor at harum distinctio. Aut aliquam autem velit tempora optio. Fuga veritatis repellendus tempora impedit consequatur ut in.',1,1,'1996-05-21 20:47:24'),(11,18,33,'Voluptate velit in suscipit. Placeat atque aliquam enim iusto porro error. Et qui perferendis iure molestiae quaerat rerum. Minus dignissimos numquam voluptatum autem.',1,1,'1999-07-24 03:48:11'),(12,45,65,'Molestiae nemo id molestias id dolore. Doloribus illo recusandae sunt at aut ut quae perspiciatis.',0,0,'2020-05-17 05:19:15'),(13,74,28,'Nulla tempore dolor nulla dolorem tempora iure. Qui ut omnis doloremque blanditiis eaque. Est saepe quidem deserunt nisi voluptatum laborum.',0,1,'2019-09-26 02:43:56'),(14,18,74,'Sint dolore sunt et nesciunt qui id et. Quod nostrum est iste vitae nulla sequi.',1,0,'2000-07-28 12:47:26'),(15,17,15,'Molestias est et repellendus itaque nam veritatis est. Voluptatibus corporis aut eaque ex. Possimus vel asperiores sit nobis eum. Pariatur explicabo dolores recusandae quibusdam itaque ipsa similique nobis.',0,0,'1997-09-06 09:50:52'),(16,12,53,'Molestiae dolorem consequatur quod voluptas voluptatem. Suscipit necessitatibus tempora in veniam sed. Voluptatem quo quibusdam accusantium.',0,1,'1988-10-30 07:32:37'),(17,45,81,'Quis adipisci ad ut voluptas. Similique eaque nobis ducimus dicta. Quasi voluptatibus qui magnam cum aut nobis.',0,0,'1985-07-05 02:57:24'),(18,79,85,'Voluptatem fugiat nam possimus. Quam eum quidem voluptate totam ipsa tempore. Totam molestiae sit consectetur ducimus facere. Explicabo sed provident quo iusto.',1,1,'2007-10-25 12:54:47'),(19,85,85,'Est distinctio quod quia vero aut et explicabo. Adipisci similique fugit quibusdam quas quis modi provident. Animi magnam quae est vel inventore cum perferendis. Deserunt nihil dolor ducimus accusamus nesciunt quaerat a.',0,1,'2009-03-18 14:33:59'),(20,43,12,'Velit deserunt unde ipsum dolore. Voluptatem iusto sit eum aut quasi facilis exercitationem. Qui qui qui perspiciatis nisi aliquid hic.',0,1,'2003-01-18 03:42:41'),(21,13,25,'Facere dolorum eum modi. Ea ut esse sequi doloribus suscipit nemo. Sint et asperiores aut laborum temporibus.',0,1,'1986-03-29 15:41:32'),(22,40,94,'Voluptatibus illo neque sint quidem omnis aut quisquam sapiente. Nobis qui quis nesciunt omnis quae et. Corporis tempore saepe ipsa voluptatem repudiandae aliquid ratione.',1,0,'1987-09-05 10:04:16'),(23,55,59,'Delectus et ab quia est qui. Quae ut qui nihil iusto. Et rerum sed officiis facere ut aut aliquam. Perferendis necessitatibus laudantium quo dolorem architecto qui sapiente.',1,0,'1998-03-01 15:22:07'),(24,64,91,'Voluptas aut ipsa officiis nulla consequatur accusamus. Eum qui amet aut impedit et et. Dolore laboriosam tempora consectetur saepe nihil. Culpa necessitatibus culpa quia maiores veritatis nihil.',1,0,'1991-04-29 08:11:33'),(25,36,38,'Nobis aut et earum ex quos et et. Laborum nihil ut rerum libero ut. Quo ut nemo delectus adipisci aliquam eaque. Expedita tempora occaecati est sint eius.',0,1,'1981-07-23 04:54:08'),(26,14,54,'Architecto qui omnis repudiandae tempora et. Iste non commodi quis inventore voluptas tempora nostrum. Sit sed quisquam vel hic voluptatem est numquam.',1,0,'1976-09-08 03:31:16'),(27,70,58,'Dolorem rerum sequi libero dolor et autem dignissimos enim. Nihil earum corrupti dolore vero placeat. Eligendi quibusdam ipsa nesciunt ex doloribus nam et. Recusandae enim dolor quod architecto et voluptatibus molestiae.',0,0,'2020-01-04 23:09:42'),(28,18,44,'Explicabo mollitia ipsum excepturi dolorem ut quia rem nisi. Repudiandae numquam nihil est et. Adipisci ut quidem ut a fugiat. Beatae velit repellat consequatur nostrum nisi molestias iure. Minima voluptas tenetur occaecati at cum.',1,0,'2020-02-06 00:28:08'),(29,85,35,'Facilis rerum nemo corporis neque soluta perferendis. Reiciendis cum nemo dolorum voluptatem voluptatibus aperiam. Aut minima ipsam odit quia iste quia eum.',1,1,'1976-11-12 12:25:18'),(30,17,2,'Nemo voluptas incidunt et beatae ut consectetur at quasi. Sed commodi sunt et enim cum nesciunt officia. Tenetur sint ut quia et eveniet facere sequi velit. Cupiditate et unde nemo.',0,0,'1975-08-03 22:22:39'),(31,49,28,'Sed incidunt sit et dicta ut veritatis id. Libero architecto quis ad. Delectus quam est voluptas nihil dolorem ea quidem. Nesciunt iste ad labore sapiente.',1,0,'2016-06-03 23:22:38'),(32,55,94,'Sed error optio odit quae. Quae consequatur ea ex quod modi placeat. Qui doloribus laborum illo dolor qui nemo veritatis natus. Quia ea natus rerum aperiam.',0,1,'1980-01-02 15:00:16'),(33,8,33,'Natus perferendis qui sed asperiores voluptatum ex. Ipsa quis fuga quibusdam qui. Provident dignissimos laboriosam est sed.',1,0,'1972-03-17 17:29:18'),(34,79,93,'Voluptas sed est dolore porro. Quidem magni natus reiciendis culpa. Dignissimos inventore est nulla quis.',1,0,'2005-04-21 10:21:56'),(35,17,21,'Possimus iusto ipsa nemo excepturi ex laudantium doloribus. Unde minus consequatur quaerat sed adipisci debitis. Vel assumenda non provident velit maxime qui temporibus.',0,1,'1993-02-05 22:07:02'),(36,4,30,'Ratione perspiciatis deserunt vel. Cupiditate blanditiis facere inventore dolor voluptatem doloremque consequuntur voluptas. Vero aut aspernatur quis laudantium alias. Voluptatem rerum alias omnis tempora sunt.',1,1,'1979-05-17 15:51:47'),(37,46,44,'Nemo et voluptatum culpa id aut omnis magnam. Dolorum qui asperiores facilis qui et. Ipsa nihil rerum tempore voluptate deserunt aut rerum velit.',0,0,'2016-02-27 11:00:45'),(38,24,1,'Ut omnis culpa quia quo. Ut quos molestias repellat rerum. Eveniet et quisquam architecto architecto sed reprehenderit voluptates. Officia corrupti consectetur rerum amet autem aut voluptatem.',0,0,'1982-08-26 17:11:24'),(39,2,88,'Omnis reiciendis cum dolores quia autem. Dolorem quo totam ea voluptatem vel aut. Quos eos et est facere voluptate est. Asperiores et suscipit ut et itaque qui quasi.',1,1,'1988-12-13 02:04:59'),(40,91,38,'Et quisquam atque et voluptatem aperiam. Esse aperiam qui quae saepe molestiae maxime. Possimus et qui similique praesentium.',0,0,'1996-06-25 20:40:47'),(41,25,4,'Ipsum dicta quaerat distinctio sunt et sequi tenetur. Voluptas est qui fuga ea ut voluptas. Illo doloremque asperiores quaerat dolorem. Maxime asperiores doloribus est.',0,0,'1987-07-15 09:02:05'),(42,91,95,'Perspiciatis iure ad eum vitae autem nostrum. Saepe dolor unde eum aut rem. Corrupti eum blanditiis est laudantium omnis.',1,1,'1972-10-29 18:15:31'),(43,62,8,'Ad porro sunt eius molestiae dolorum cupiditate ut ea. Et culpa maiores earum dolorem nisi possimus ad corrupti. Soluta aut eligendi delectus ut dicta sint dignissimos.',0,0,'1985-02-27 13:11:08'),(44,38,47,'Eaque delectus corrupti repellat illo ex corrupti dolorem laborum. Cumque modi officia qui sed quo itaque. Ut sint similique veritatis saepe.',0,0,'1996-09-27 16:30:13'),(45,42,54,'Quia necessitatibus quasi ab error modi impedit voluptatem. Quibusdam repudiandae consequatur ut molestias. Eaque recusandae quia tempore qui autem quidem soluta.',0,0,'1981-11-06 18:11:35'),(46,49,91,'Reprehenderit vitae aut quia aut aspernatur odio. Voluptas tenetur nam voluptatem a minima deserunt aut. Aut doloremque illo voluptate. Quia dolores earum deserunt aut mollitia qui neque.',0,1,'1990-09-08 10:27:59'),(47,82,3,'Quasi asperiores maiores sit occaecati facilis et. Voluptatibus voluptatibus consequuntur illo porro. Neque laborum consequatur nesciunt ad.',0,0,'1998-03-08 05:00:01'),(48,84,89,'Cupiditate autem facere voluptatem sapiente id architecto quas magnam. Qui fugiat placeat exercitationem occaecati aliquam. Enim quisquam voluptatem ea nisi eum.',1,0,'2004-06-05 07:04:23'),(49,36,63,'Id harum consequatur eos nulla autem consequuntur. Porro ipsa repudiandae sed consequuntur omnis.',1,1,'1979-03-08 23:38:17'),(50,82,53,'Sapiente voluptas sapiente quia ut ducimus saepe illo. Sit voluptatem et impedit fugit sequi voluptates assumenda. Odio pariatur ut impedit facilis earum. Quia suscipit ea nemo voluptates amet quae dolorem.',0,0,'1993-08-30 10:41:14'),(51,84,85,'Excepturi consectetur consequuntur in eos. Sit libero et sequi atque et qui modi. Itaque quis delectus sunt qui.',1,1,'1992-02-03 06:46:50'),(52,82,29,'Quae unde recusandae consequatur non eaque. Minima ut sint aperiam vel. Aliquam velit dolores vitae. Voluptate sint rem non.',1,1,'1971-05-11 18:31:42'),(53,29,6,'Et quae voluptatum neque eius fugiat. Dolore porro maiores qui ut perspiciatis ullam. Est laboriosam porro impedit voluptate molestiae in. Ea sit soluta quasi cumque illo in.',0,0,'1989-12-11 13:13:39'),(54,29,31,'Modi et repudiandae aperiam et sed culpa. Et voluptates illum et commodi quisquam.',0,0,'1988-04-25 05:40:00'),(55,93,20,'Excepturi commodi atque id. Corporis quod aut sunt id sint velit. Temporibus rem facere nihil.',0,0,'1970-02-13 02:51:32'),(56,68,18,'Ipsam et ut aut laboriosam ex et voluptatum. Voluptas amet eligendi nesciunt itaque. Repellendus voluptatem cumque ut quis.',1,1,'2012-11-23 13:21:20'),(57,23,59,'Praesentium occaecati magnam blanditiis laudantium explicabo vitae. Adipisci aut voluptas pariatur asperiores. Blanditiis a doloremque debitis quas dolore impedit.',1,1,'1983-04-17 15:40:38'),(58,13,85,'Iste ut officia voluptatem dicta pariatur doloribus et quasi. Harum perspiciatis nobis rerum debitis iusto saepe voluptate. Accusamus accusantium voluptas aspernatur minus sapiente ullam impedit.',1,1,'2002-08-12 16:33:33'),(59,66,50,'Est optio facilis at nemo illum inventore inventore eum. Illum voluptates laudantium corrupti nulla id eum ut. Soluta recusandae soluta officia. Aut dolor assumenda perferendis occaecati velit.',1,1,'1998-10-08 19:11:42'),(60,32,8,'Rerum sed reprehenderit natus accusantium quia occaecati. Corrupti porro natus beatae quo. Excepturi animi ex sequi tempore.',0,0,'2016-09-12 04:18:06'),(61,4,80,'Sed ipsam laudantium eos blanditiis amet ullam quia. Ut occaecati sed itaque fugiat ea. Laboriosam est vitae repudiandae id veritatis. Possimus eum aut cumque tempora consectetur natus qui.',0,1,'1999-06-02 04:11:25'),(62,98,85,'Quod eligendi expedita dolorem maxime autem velit. Quibusdam alias corporis molestias amet ipsam sint qui. Pariatur unde dolores qui qui voluptatum dolores esse non. Repellendus nam omnis recusandae et mollitia quia blanditiis.',0,1,'1971-02-28 14:03:49'),(63,83,82,'At dolorem magnam voluptate hic molestiae. Voluptas et impedit omnis qui aut non eaque. Quaerat rerum illo inventore consectetur vero sint non.',1,1,'1970-07-13 00:19:17'),(64,74,18,'Quia adipisci dolor omnis sit eos. Iste debitis recusandae alias odio. Libero neque fugiat sed. Est quas deleniti rerum non sit.',0,1,'1984-05-13 09:36:00'),(65,45,55,'Maiores dolorem beatae at sed corporis ut. Id occaecati inventore iste tempora sed et. Sit qui dolores qui ipsum. Iure quam est et illum aut.',0,0,'2006-08-13 19:01:33'),(66,71,28,'Id quidem adipisci iste consequuntur et quod. Consequatur accusantium occaecati ducimus. Modi aut doloremque sequi voluptas deserunt et. Ratione id quibusdam corrupti quis unde rerum facere.',1,1,'1976-06-21 01:08:26'),(67,40,53,'Sunt excepturi praesentium consequatur soluta deleniti eos. Molestiae inventore ducimus voluptatum enim nihil dignissimos culpa possimus. Excepturi dolore reprehenderit iure labore maxime ad maxime aspernatur. Quia aut aut aut facilis dolores et.',0,0,'1981-11-29 21:23:21'),(68,56,69,'Vel suscipit autem ut repudiandae repudiandae. Quasi eum dolorem asperiores. Dolorem ex commodi ipsa enim hic esse. Non officiis eius rerum facilis. Aut odit est eius sit.',0,0,'2016-10-14 02:15:07'),(69,58,85,'Asperiores sequi est id ut. Dignissimos nesciunt explicabo minima officia sed enim. Laudantium laboriosam sint quaerat porro cumque nulla repellendus totam.',0,1,'1983-12-27 07:46:34'),(70,99,50,'Adipisci nobis autem officiis molestiae. Ipsum aut unde exercitationem atque qui et. Voluptatem illum quo iusto sapiente iusto quam eveniet. Corporis veritatis beatae incidunt vero quaerat quia sed aut.',0,1,'2018-02-20 06:57:36'),(71,4,67,'Non libero odit eius dolor ut eius et. Et voluptas quis consequatur nam explicabo debitis. Quos voluptatem sint commodi et. Nisi omnis distinctio quae maxime. Aut odio quidem hic id veritatis ut.',1,1,'1978-07-23 14:26:59'),(72,68,27,'Numquam unde voluptatibus voluptatem voluptatem. Autem beatae et sit aut soluta. Labore aut a porro voluptates tempore hic. Dolorem voluptatem fugit ut commodi illum.',1,0,'1980-05-02 00:49:58'),(73,25,80,'Itaque deserunt quis nam et eius dolorem. Accusantium nisi eius dolorem ipsam velit accusamus. Odit eos fuga voluptatibus tempora. Quas ipsa aut ut fugit. Commodi vero ratione quasi et ut.',1,1,'1990-05-21 06:33:19'),(74,12,91,'Quo consequuntur et alias exercitationem animi amet ut numquam. Nihil voluptate deserunt et id adipisci sint. Ullam quo veniam ut consectetur. Est non libero non corporis.',0,1,'1974-04-19 09:39:55'),(75,30,43,'Sed consequatur commodi harum quasi quisquam repellat. Optio cumque illum iste ab molestiae. Quae voluptas ducimus quod dolorem. Consequatur voluptatem dolores sint unde nemo ullam cumque.',1,0,'1971-08-31 13:46:51'),(76,99,34,'Quis fugit qui neque quo ut debitis voluptatibus. Earum et veniam velit unde ipsa.',0,0,'1973-12-27 03:40:32'),(77,22,97,'Culpa molestiae placeat qui aut hic officiis est assumenda. Velit voluptatum quaerat delectus non quo. Deserunt quo et est.',1,1,'2016-10-18 07:36:41'),(78,19,5,'Officiis est iure quia nesciunt. Ea autem quia nemo.',1,0,'1989-05-26 07:27:41'),(79,79,93,'Ratione deserunt labore molestiae similique praesentium velit. Corporis deserunt molestias similique dolores odio qui. Praesentium iure explicabo voluptatibus illum.',1,1,'1975-01-08 15:15:30'),(80,23,23,'In iure iure quos ut dolor et. Et ut modi doloremque rem aspernatur quis veritatis.',0,1,'1976-01-31 01:52:49'),(81,48,93,'Vel eum ut voluptas et quas molestiae deserunt. Totam voluptatum illo facilis quis totam. Suscipit incidunt cumque sunt est sunt perspiciatis illum. Ea voluptatem quae recusandae velit.',0,1,'2000-02-27 11:36:30'),(82,50,87,'Et maxime sunt repudiandae repellat. Dolor deserunt sit sint.',1,0,'1972-07-24 09:49:02'),(83,45,5,'Recusandae dolorem delectus quis omnis rerum. Et soluta dicta ad quis suscipit. Praesentium autem nobis adipisci dolore.',1,0,'1979-12-26 11:44:14'),(84,56,2,'Nulla dolore veritatis et itaque. At illo quasi dolores unde totam et amet. Exercitationem consequatur id quisquam odio quis laboriosam reprehenderit dolorum.',0,1,'1970-01-17 07:22:10'),(85,90,55,'Neque nobis qui quis aperiam sit. Veniam rerum et quae rem inventore. Vero minima expedita neque nulla eveniet. Laudantium commodi assumenda ullam placeat necessitatibus modi.',1,0,'2005-10-23 10:10:58'),(86,52,94,'Laborum corrupti qui eos facere qui est. In labore quia sint incidunt natus. Blanditiis animi nostrum nisi aut quam. Alias fuga est dolore aliquam omnis iste ipsum.',0,1,'2017-05-17 19:56:13'),(87,21,20,'Fugit consequatur recusandae quis voluptas itaque voluptatem. Numquam neque pariatur aut quam voluptatem unde. Odio et nihil assumenda error.',0,1,'1991-12-28 16:22:03'),(88,20,46,'Quas ab impedit cum non. Sunt tenetur sint praesentium aut dolorum. Voluptatibus magnam voluptatem aliquid minus voluptatum laborum. Sed pariatur deleniti sint aut facere et. Enim est vel autem.',1,0,'1989-03-30 13:21:50'),(89,99,31,'Provident et ea dolorem nesciunt voluptas iusto provident. Ducimus suscipit magni consequatur et similique. Suscipit dolorem officiis dicta dicta rerum autem placeat. Occaecati ut eius tempore minus.',1,1,'1986-06-07 06:03:52'),(90,37,29,'Quo ex velit quo facere laboriosam eos blanditiis. Aliquam commodi labore sapiente quaerat. Magni veritatis enim incidunt accusantium voluptates ea.',1,0,'1977-12-23 11:30:37'),(91,74,35,'Itaque a harum optio assumenda exercitationem voluptas. Odit rerum vel consequatur vero doloremque voluptatem veritatis sunt. Ut ratione rerum aperiam aut rem maiores. Odio accusamus dolorem est veniam id. Et unde ratione esse repudiandae neque exercitationem rem.',0,0,'1985-05-21 21:17:14'),(92,62,96,'Repellat sit eius sunt excepturi. Et blanditiis recusandae velit. Odit modi omnis soluta voluptates aut. Velit labore amet itaque velit.',0,0,'2009-03-01 02:35:37'),(93,32,81,'Porro modi aspernatur fugiat laborum. Maxime ut est iusto voluptatibus voluptatibus labore maxime. Voluptas minus cupiditate et omnis non autem ipsam.',0,1,'1997-05-10 21:09:04'),(94,100,10,'Repellat aperiam a praesentium ipsam fuga. Recusandae nemo fugit ut delectus vero voluptatem. Alias deleniti nisi qui inventore consequatur velit ipsa molestiae. Sequi saepe quia aut aut cum corrupti cum dolore. Et suscipit deserunt perspiciatis unde.',0,0,'1978-05-31 21:54:48'),(95,73,23,'Possimus dolore tenetur eum consequatur laudantium architecto. Fugiat dolorum numquam accusamus debitis itaque. Facilis id delectus minus sit. Quibusdam dolor non modi nisi officiis laboriosam iste quibusdam.',0,0,'2002-12-12 17:48:29'),(96,32,20,'Voluptatem quia et velit. Alias quis repellat voluptatem exercitationem. Eos qui et cum quis aut. Odio qui omnis tempore omnis nulla.',1,0,'2015-08-19 10:15:36'),(97,15,81,'Placeat accusantium nostrum explicabo eos sint quasi facilis. Ut omnis amet repellat quo assumenda suscipit. Facere maiores quia ducimus harum.',0,1,'2012-12-13 12:48:18'),(98,7,59,'Quas nulla voluptatibus voluptates cum explicabo. Qui nesciunt autem rerum ea.',0,1,'1979-11-21 16:59:19'),(99,86,62,'Voluptas vero incidunt et in. Voluptatem architecto nemo aperiam voluptas quidem. Similique qui id qui quia maiores provident. In voluptatibus perferendis aliquid. Dolor porro veniam quis rerum.',1,0,'1988-04-23 19:37:17'),(100,61,76,'Odio est molestias ratione nihil laboriosam est et omnis. Illum labore asperiores autem expedita odio rem. Qui earum aut qui voluptas dolores. Hic laboriosam assumenda aspernatur.',1,1,'1990-03-09 12:15:10');
/*!40000 ALTER TABLE `messages` ENABLE KEYS */;
UNLOCK TABLES;

--
-- Table structure for table `profiles`
--

DROP TABLE IF EXISTS `profiles`;
/*!40101 SET @saved_cs_client     = @@character_set_client */;
/*!40101 SET character_set_client = utf8 */;
CREATE TABLE `profiles` (
  `user_id` int unsigned NOT NULL COMMENT '╨б╤Б╤Л╨╗╨║╨░ ╨╜╨░ ╨┐╨╛╨╗╤М╨╖╨╛╨▓╨░╤В╨╡╨╗╤П',
  `gender` char(1) CHARACTER SET utf8 COLLATE utf8_unicode_ci NOT NULL COMMENT '╨Я╨╛╨╗',
  `birthday` date DEFAULT NULL COMMENT '╨Ф╨░╤В╨░ ╤А╨╛╨╢╨┤╨╡╨╜╨╕╤П',
  `city` varchar(130) CHARACTER SET utf8 COLLATE utf8_unicode_ci DEFAULT NULL COMMENT '╨У╨╛╤А╨╛╨┤ ╨┐╤А╨╛╨╢╨╕╨▓╨░╨╜╨╕╤П',
  `country` varchar(130) CHARACTER SET utf8 COLLATE utf8_unicode_ci DEFAULT NULL COMMENT '╨б╤В╤А╨░╨╜╨░ ╨┐╤А╨╛╨╢╨╕╨▓╨░╨╜╨╕╤П',
  `created_at` datetime DEFAULT CURRENT_TIMESTAMP COMMENT '╨Т╤А╨╡╨╝╤П ╤Б╨╛╨╖╨┤╨░╨╜╨╕╤П ╤Б╤В╤А╨╛╨║╨╕',
  `updated_at` datetime DEFAULT CURRENT_TIMESTAMP ON UPDATE CURRENT_TIMESTAMP COMMENT '╨Т╤А╨╡╨╝╤П ╨╛╨▒╨╜╨╛╨▓╨╗╨╡╨╜╨╕╤П ╤Б╤В╤А╨╛╨║╨╕',
  PRIMARY KEY (`user_id`)
) ENGINE=InnoDB DEFAULT CHARSET=utf8 COLLATE=utf8_unicode_ci COMMENT='╨Я╤А╨╛╤Д╨╕╨╗╨╕';
/*!40101 SET character_set_client = @saved_cs_client */;

--
-- Dumping data for table `profiles`
--

LOCK TABLES `profiles` WRITE;
/*!40000 ALTER TABLE `profiles` DISABLE KEYS */;
INSERT INTO `profiles` VALUES (1,'M','2013-06-06','Hanstown','Ukraine','1984-08-06 07:25:41','1999-10-04 12:03:45'),(2,'F','1970-03-22','West Pearliestad','Senegal','1990-05-09 01:29:57','1971-12-31 10:30:45'),(3,'F','2006-04-14','Stephaniaton','Afghanistan','2000-01-11 10:49:56','1983-11-07 02:27:43'),(4,'M','2013-06-08','Lake Forrestside','Bahrain','1979-03-14 17:37:47','1995-08-10 12:26:22'),(5,'M','2001-10-22','Sallietown','Uruguay','2003-05-08 15:48:02','2006-01-17 15:59:16'),(6,'F','2013-12-20','Port Graycebury','Israel','1974-01-14 08:02:58','1985-10-08 09:10:36'),(7,'F','1980-10-16','Letitiamouth','Turks and Caicos Islands','2003-06-28 12:40:52','2019-12-14 08:42:51'),(8,'F','1995-12-08','Zacherychester','Saint Lucia','2016-07-06 23:53:01','1991-10-18 22:37:36'),(9,'M','1996-05-28','Padbergchester','Romania','2019-07-08 03:12:47','2006-09-26 06:58:20'),(10,'M','1984-11-14','Tessiemouth','Guernsey','2017-12-30 14:59:29','2015-11-06 22:44:28'),(11,'M','1990-03-01','Duaneview','Thailand','2000-03-19 04:49:00','1983-05-27 22:58:39'),(12,'M','2006-07-04','Beerville','Anguilla','1974-03-03 05:08:23','2006-12-07 14:16:57'),(13,'M','1990-03-05','North Sydneymouth','Somalia','1978-08-25 23:18:48','2017-05-04 15:58:29'),(14,'M','1991-06-16','Ressiestad','Tanzania','2010-06-03 23:30:17','1974-02-22 18:08:10'),(15,'M','1999-04-24','Filomenaport','Madagascar','2011-09-12 07:41:33','1996-06-28 08:02:48'),(16,'F','2018-01-27','Earlfort','Nauru','2014-09-20 09:30:36','2002-04-15 19:34:45'),(17,'M','1992-06-27','Jadontown','South Africa','1970-08-09 08:53:19','1986-06-19 03:21:47'),(18,'M','1998-03-17','Albertoville','Angola','1991-04-10 14:25:32','1977-02-07 16:30:58'),(19,'M','1991-09-23','Douglasville','Zambia','1973-06-08 23:23:00','1989-12-12 04:32:25'),(20,'M','1991-02-27','Feeneychester','Saint Helena','1978-01-28 01:37:13','1987-09-09 03:02:09'),(21,'M','2003-08-13','Pfannerstillburgh','French Guiana','1990-05-20 13:38:50','2010-10-24 12:59:14'),(22,'F','2013-02-01','Danside','Reunion','2014-01-12 02:19:44','1991-12-26 04:45:03'),(23,'F','1981-10-29','Markshaven','Gabon','1985-02-19 22:39:00','1985-06-29 22:56:33'),(24,'M','2003-09-04','Hershelmouth','United States of America','2009-06-15 11:20:05','1981-06-22 20:21:17'),(25,'M','2001-06-29','Modestoton','Gabon','1994-06-06 09:33:35','1984-07-20 20:48:26'),(26,'F','2002-11-02','Tristonborough','Myanmar','2019-02-04 09:13:36','1970-05-15 20:21:58'),(27,'M','2008-05-22','Darrylshire','Syrian Arab Republic','1991-03-07 08:57:09','1973-05-22 10:09:10'),(28,'M','2008-09-08','South Damionchester','South Georgia and the South Sandwich Islands','1984-02-24 03:20:23','2002-12-08 23:28:34'),(29,'F','2009-03-15','East Krystal','Iran','2008-03-27 01:51:12','1979-05-09 21:06:15'),(30,'M','1996-05-24','Lake Billyborough','Somalia','1986-02-02 09:03:23','1978-01-15 23:10:54'),(31,'M','2007-03-07','Estellport','Djibouti','1970-04-23 22:44:43','2004-09-01 09:17:55'),(32,'M','1998-11-07','Lake Rosaleeshire','American Samoa','1983-10-11 03:16:40','1985-12-17 00:45:52'),(33,'M','1997-02-10','Dooleytown','Mozambique','1998-08-04 12:31:25','2015-10-02 04:55:50'),(34,'F','1977-05-15','Legrosview','Canada','1990-05-23 10:19:57','2012-06-05 19:08:11'),(35,'F','2007-02-24','Port Sabinaberg','Niger','2006-01-18 16:00:23','2012-05-29 16:12:09'),(36,'M','2009-06-02','Eltonhaven','Somalia','1981-03-15 12:11:34','1978-10-19 15:15:55'),(37,'M','1994-11-07','Port Lacyton','Dominican Republic','1996-02-08 03:18:22','1977-09-23 08:12:25'),(38,'F','1988-06-23','Collierton','United States Minor Outlying Islands','1982-05-05 22:25:53','2012-05-23 06:50:26'),(39,'F','2017-06-30','South Jaquelinchester','Gibraltar','2012-05-10 16:33:43','1971-10-08 13:50:50'),(40,'F','2016-08-02','North Edaside','San Marino','2014-05-24 12:37:30','1976-04-13 07:40:51'),(41,'M','1989-02-11','Nolanmouth','Kuwait','1989-02-16 19:12:23','2009-08-01 20:19:18'),(42,'M','1974-02-06','Lake Nadia','Lao People\'s Democratic Republic','1981-02-21 04:15:18','2018-09-25 18:50:58'),(43,'F','2013-03-05','Lake Casandraport','Hong Kong','2000-06-02 08:55:26','1982-04-12 02:59:34'),(44,'F','2017-06-16','West Marvin','Bermuda','2018-03-18 15:44:00','2008-07-20 17:40:38'),(45,'M','1971-07-25','Abdulmouth','Seychelles','1997-01-29 21:40:38','1986-04-07 05:46:06'),(46,'F','1997-10-25','Maximilianside','Morocco','2015-08-26 13:08:39','1996-06-27 19:52:30'),(47,'F','1996-05-24','Korbinport','Tunisia','1975-06-01 00:33:32','1973-09-10 08:02:53'),(48,'M','1974-08-27','Corkeryport','Falkland Islands (Malvinas)','1979-12-08 03:38:47','1971-03-10 11:25:51'),(49,'F','1978-06-03','West Laney','Hong Kong','1976-11-19 20:58:40','1984-11-18 22:40:30'),(50,'M','1974-04-17','Idellafurt','Guatemala','2008-07-19 15:18:51','2020-04-05 12:24:26'),(51,'M','2015-08-20','Gersonton','Nauru','2017-11-19 22:19:59','2018-05-19 02:25:17'),(52,'F','1974-11-14','Aaronview','Venezuela','1991-03-11 12:35:10','2013-11-10 13:31:16'),(53,'F','1988-08-15','Torphyport','Antarctica (the territory South of 60 deg S)','2016-08-29 00:28:46','2003-01-31 02:04:38'),(54,'M','1977-04-20','Myleston','Uganda','1979-01-16 18:13:15','2011-04-16 15:25:47'),(55,'F','2018-08-19','New Jayda','Cote d\'Ivoire','1983-06-29 18:59:08','1984-08-06 08:50:30'),(56,'F','2012-10-05','Port Clarissaview','Madagascar','1983-05-30 01:03:02','1986-06-10 13:41:56'),(57,'F','1976-02-03','Powlowskiland','Mexico','2012-02-25 23:36:07','1984-04-27 10:13:20'),(58,'M','1981-08-04','Spencerville','Iceland','1978-09-10 12:06:57','1979-05-27 10:47:58'),(59,'M','2006-07-29','East Edenland','Cook Islands','1977-08-14 12:08:34','1979-05-24 08:51:05'),(60,'F','1984-09-06','Beermouth','Reunion','1973-07-06 18:16:36','1987-12-19 11:58:52'),(61,'F','1984-02-19','North Madalinestad','Canada','1976-08-26 05:26:19','2017-09-21 08:49:29'),(62,'M','2002-01-21','Lake Mellieport','Liechtenstein','1993-11-15 01:30:21','1999-11-13 14:11:52'),(63,'F','1997-01-20','Port Myles','Niger','2009-01-26 13:00:10','1997-11-02 09:19:52'),(64,'M','2018-12-23','East Kendra','Antigua and Barbuda','2013-06-08 13:13:05','2006-04-02 06:35:05'),(65,'F','1976-12-27','Kshlerinfurt','Timor-Leste','2014-07-02 04:01:11','2014-02-13 10:41:37'),(66,'M','2017-06-24','East Aliachester','Montenegro','1997-05-18 01:58:31','1992-06-23 20:07:06'),(67,'M','2005-06-29','East Leatha','Bahrain','1980-07-13 16:28:23','1987-02-02 23:11:12'),(68,'F','2008-08-02','Lake Lorastad','Cyprus','1972-02-12 08:43:21','2016-07-28 04:12:15'),(69,'F','1984-03-05','East Nettie','Greenland','1985-01-13 19:50:26','1972-10-11 15:16:22'),(70,'F','1996-03-23','New Elisabeth','Guinea-Bissau','2018-09-08 07:08:46','1987-11-14 10:39:21'),(71,'M','2019-09-12','Littelview','Reunion','1986-10-23 15:00:54','1981-09-09 02:47:40'),(72,'F','1986-04-16','East Gracefort','Oman','2018-02-21 17:23:55','1977-11-04 09:36:46'),(73,'F','2006-10-11','Franeckiland','Andorra','1995-04-24 23:48:14','1994-10-19 18:15:04'),(74,'F','1993-06-23','Port Armanifurt','Malaysia','1996-09-02 15:16:08','1979-10-04 01:25:36'),(75,'F','2018-12-08','Lake Marilie','Bahamas','1977-11-14 23:40:11','2000-03-15 20:13:43'),(76,'F','2011-11-01','Rogersstad','Kiribati','1975-10-29 03:22:03','1981-07-19 09:31:34'),(77,'F','2007-07-29','South Laura','Indonesia','2014-02-01 15:09:47','2012-04-11 09:19:12'),(78,'F','2011-08-07','Jovanside','Moldova','1978-02-02 14:34:10','2015-10-30 19:21:20'),(79,'M','1984-06-26','Yolandamouth','Palestinian Territory','1996-07-11 18:19:44','1983-11-16 11:30:19'),(80,'F','2008-09-03','Lake Jamey','Guinea','1995-05-20 11:38:12','1995-01-08 08:06:42'),(81,'M','2000-05-26','Lake Janickland','Namibia','1988-05-11 05:03:06','1983-04-06 05:54:25'),(82,'F','1988-11-14','Port Aliyahfort','Palestinian Territory','1972-04-09 05:09:22','1986-11-27 10:55:07'),(83,'M','2010-09-21','Lake Herman','Sweden','2020-05-31 06:13:59','1982-06-26 14:54:41'),(84,'M','2007-11-30','East Ardith','Anguilla','1971-03-31 12:34:11','2016-02-28 22:43:09'),(85,'M','1988-08-21','Olgamouth','Egypt','1993-11-02 02:36:40','1996-10-12 03:57:09'),(86,'F','2012-11-23','Baronland','Cuba','1976-05-31 21:56:05','1994-11-12 10:57:37'),(87,'F','1997-03-22','Carissabury','Venezuela','1974-03-27 11:15:35','2009-08-09 20:49:34'),(88,'F','1993-09-24','Jordanbury','Spain','2011-05-30 04:30:19','1975-05-24 17:17:40'),(89,'F','2010-01-17','Lake Natalietown','Suriname','1989-05-31 06:28:14','1994-06-22 02:12:17'),(90,'M','2006-09-10','Myleneside','Ethiopia','1996-06-12 04:22:07','1998-09-12 06:34:27'),(91,'M','2002-09-10','New Beth','British Indian Ocean Territory (Chagos Archipelago)','1989-01-02 13:33:12','1983-06-21 05:13:11'),(92,'M','1976-06-10','Greggton','Turkey','2001-06-23 09:43:00','1984-09-27 18:13:05'),(93,'M','2003-02-14','Jewelport','Costa Rica','2016-01-09 06:05:33','2003-04-03 13:31:42'),(94,'F','1975-02-11','South Nels','Ukraine','2011-05-25 12:41:18','1994-02-17 15:25:47'),(95,'F','2007-01-27','Lake Myrna','Georgia','2011-03-30 02:04:04','2009-05-30 14:47:14'),(96,'M','1998-03-23','Kertzmannton','Montserrat','1979-09-10 01:34:13','1987-08-08 00:23:50'),(97,'F','1980-01-04','Kuvaliston','Saint Barthelemy','1996-06-22 04:14:43','1998-06-14 01:44:16'),(98,'M','1980-03-17','South Tristinville','Tajikistan','1981-12-11 10:16:24','2003-05-28 13:36:37'),(99,'M','2006-11-17','Caliport','Czech Republic','2009-09-20 05:07:13','2013-03-09 12:24:21'),(100,'M','1989-07-07','Lake Nikoland','Bahrain','1987-06-23 02:02:20','1997-09-28 16:34:40');
/*!40000 ALTER TABLE `profiles` ENABLE KEYS */;
UNLOCK TABLES;

--
-- Table structure for table `users`
--

DROP TABLE IF EXISTS `users`;
/*!40101 SET @saved_cs_client     = @@character_set_client */;
/*!40101 SET character_set_client = utf8 */;
CREATE TABLE `users` (
  `id` int unsigned NOT NULL AUTO_INCREMENT COMMENT '╨Ш╨┤╨╡╨╜╤В╨╕╤Д╨╕╨║╨░╤В╨╛╤А ╤Б╤В╤А╨╛╨║╨╕',
  `first_name` varchar(100) CHARACTER SET utf8 COLLATE utf8_unicode_ci NOT NULL COMMENT '╨Ш╨╝╤П ╨┐╨╛╨╗╤М╨╖╨╛╨▓╨░╤В╨╡╨╗╤П',
  `last_name` varchar(100) CHARACTER SET utf8 COLLATE utf8_unicode_ci NOT NULL COMMENT '╨д╨░╨╝╨╕╨╗╨╕╤П ╨┐╨╛╨╗╤М╨╖╨╛╨▓╨░╤В╨╡╨╗╤П',
  `email` varchar(100) CHARACTER SET utf8 COLLATE utf8_unicode_ci NOT NULL COMMENT '╨Я╨╛╤З╤В╨░',
  `phone` varchar(100) CHARACTER SET utf8 COLLATE utf8_unicode_ci NOT NULL COMMENT '╨в╨╡╨╗╨╡╤Д╨╛╨╜',
  `created_at` datetime DEFAULT CURRENT_TIMESTAMP COMMENT '╨Т╤А╨╡╨╝╤П ╤Б╨╛╨╖╨┤╨░╨╜╨╕╤П ╤Б╤В╤А╨╛╨║╨╕',
  `updated_at` datetime DEFAULT CURRENT_TIMESTAMP ON UPDATE CURRENT_TIMESTAMP COMMENT '╨Т╤А╨╡╨╝╤П ╨╛╨▒╨╜╨╛╨▓╨╗╨╡╨╜╨╕╤П ╤Б╤В╤А╨╛╨║╨╕',
  PRIMARY KEY (`id`),
  UNIQUE KEY `email` (`email`),
  UNIQUE KEY `phone` (`phone`)
) ENGINE=InnoDB AUTO_INCREMENT=101 DEFAULT CHARSET=utf8 COLLATE=utf8_unicode_ci COMMENT='╨Я╨╛╨╗╤М╨╖╨╛╨▓╨░╤В╨╡╨╗╨╕';
/*!40101 SET character_set_client = @saved_cs_client */;

--
-- Dumping data for table `users`
--

LOCK TABLES `users` WRITE;
/*!40000 ALTER TABLE `users` DISABLE KEYS */;
INSERT INTO `users` VALUES (1,'Janae','Beer','haley.zion@example.net','023.317.2426','2005-02-02 22:51:41','2002-06-18 09:59:30'),(2,'Hilda','Gleason','alden.bayer@example.org','(418)652-9113','2014-10-04 18:32:55','1999-01-08 06:21:01'),(3,'Sydnie','Boyle','jamal.larson@example.com','(057)229-0170x646','1997-07-15 23:23:52','1975-09-12 05:42:53'),(4,'Maxime','Kling','thiel.casey@example.org','1-190-834-4511x648','1977-03-30 22:07:03','2004-08-19 14:26:48'),(5,'Mortimer','Swift','darby77@example.com','433.650.6897x5801','1970-10-02 21:09:02','1975-02-07 09:23:12'),(6,'Veda','Becker','freddie29@example.net','889-773-9192','1974-08-03 03:42:33','1996-02-16 17:07:49'),(7,'Ettie','Carroll','jchamplin@example.net','(364)172-2181x5236','1989-02-22 09:54:16','1999-09-12 14:33:22'),(8,'Pearline','Bechtelar','rowe.hattie@example.net','152-970-6903','2002-08-23 13:09:54','1977-02-17 18:00:33'),(9,'Ezra','Rice','herzog.mose@example.org','675.082.5586x75212','1973-04-06 00:11:09','1995-02-27 21:29:01'),(10,'Joesph','McKenzie','ltowne@example.net','492.669.1524x19536','1998-12-22 18:33:05','2010-12-23 10:22:16'),(11,'Floyd','Hills','benton.cole@example.net','102-620-8786','1980-03-25 21:16:01','2009-10-23 21:30:39'),(12,'Kyra','Olson','leonel.torphy@example.com','+89(9)5294887760','1983-10-06 21:41:22','1984-06-10 12:47:44'),(13,'Ezra','Walsh','juliana.huels@example.com','(665)955-4985','1983-05-09 20:57:08','2008-03-21 01:07:25'),(14,'Zola','Koepp','alexane.kunze@example.com','1-135-513-6500x3405','2012-04-06 21:34:39','2007-03-12 23:22:30'),(15,'Sandy','VonRueden','whodkiewicz@example.com','1-853-636-5252x10122','1998-08-01 03:59:58','2002-05-16 17:17:15'),(16,'Ike','Ondricka','hayes.manuel@example.com','(127)399-2756','1988-01-05 22:15:08','2006-12-03 21:06:01'),(17,'Telly','Kovacek','sprosacco@example.net','473.162.1284x87596','2010-04-24 03:17:55','2013-10-05 21:43:18'),(18,'Marjorie','Osinski','adrain.rau@example.com','05670557862','2019-05-21 17:06:11','2010-02-13 03:21:40'),(19,'Francesco','Huels','leola50@example.net','815.945.2513x98027','1998-08-10 21:41:46','2016-12-06 23:26:15'),(20,'Janis','Koepp','roberts.carmel@example.org','318.244.5318','1972-08-12 09:31:59','1978-09-07 23:17:36'),(21,'Cheyanne','Cole','vbrown@example.com','277-928-2561','2006-11-26 17:53:16','1987-09-16 14:48:26'),(22,'Jeanne','Hoppe','mpurdy@example.net','859-545-6674x1070','1971-05-24 02:12:10','2008-04-27 09:10:54'),(23,'Abdiel','Cronin','kayden.witting@example.org','473.793.9745','1971-12-20 06:51:01','1983-08-05 03:39:18'),(24,'Bertram','Schinner','kernser@example.net','356-905-1382x6217','2019-08-25 13:51:20','2007-05-14 23:58:06'),(25,'Celestine','Gerhold','ivonrueden@example.org','1-225-554-9510x268','2002-01-17 11:45:21','1980-04-18 07:48:32'),(26,'Ariel','Weissnat','ptorphy@example.net','1-979-837-4791','1976-01-18 02:18:07','1994-05-11 23:13:37'),(27,'Emelie','Gaylord','balistreri.brycen@example.org','530.297.8063x089','2003-08-13 00:02:15','1982-01-16 19:09:08'),(28,'Maxime','Stiedemann','jackie.kunze@example.net','+14(8)4868621832','2005-10-12 09:53:43','1997-09-17 15:09:51'),(29,'Chanelle','Hansen','cecile16@example.net','510-297-4038','2009-10-07 20:03:48','2011-08-06 08:14:05'),(30,'Bulah','Weimann','rosemarie.daugherty@example.com','(288)608-2292','2012-06-22 10:14:30','1981-03-12 09:27:31'),(31,'Hermina','Ledner','lueilwitz.bobbie@example.com','741.765.7743','2016-12-26 10:16:45','1986-02-25 20:34:50'),(32,'Marcella','Blick','mariah.metz@example.net','+53(0)8408487334','2016-05-27 23:27:50','1975-10-24 23:43:37'),(33,'Courtney','Goldner','harris.cynthia@example.net','1-077-181-8256x41776','1987-06-29 17:06:25','2011-07-31 16:25:27'),(34,'Justine','Von','qgaylord@example.com','01880388250','2001-07-11 19:56:29','2000-05-13 21:35:15'),(35,'Annabell','Weber','jettie.ruecker@example.net','(550)196-8576','2003-05-26 12:31:07','2007-04-19 00:58:16'),(36,'Dorthy','Yundt','xprosacco@example.org','427.694.7107x0316','2001-08-22 09:39:51','1989-12-14 01:58:01'),(37,'Herminio','Cassin','rashad83@example.com','(870)161-3927x96563','2005-02-17 17:59:43','1989-02-12 10:32:49'),(38,'Jaiden','Walsh','geovanny.vonrueden@example.net','1-179-858-7594x0120','1976-11-28 12:50:59','1973-04-04 22:11:12'),(39,'Alverta','Jones','schoen.stephon@example.com','+46(5)0423308855','2012-10-22 00:25:48','1989-01-01 07:09:59'),(40,'Roxanne','Braun','olson.ricky@example.com','537.588.3468','2012-12-05 08:22:57','2010-04-04 16:33:26'),(41,'Dana','Heidenreich','shyanne.daniel@example.net','1-395-585-3978x566','1995-01-03 00:04:31','1998-08-28 13:11:00'),(42,'Duane','Jaskolski','hamill.ethyl@example.net','195.630.7736','2018-09-02 21:14:39','2011-08-14 01:16:16'),(43,'Coy','Boyle','ccassin@example.net','(080)028-3109x87149','1978-10-09 13:46:40','1973-07-06 00:55:04'),(44,'Norval','Nader','gfeeney@example.org','01667878269','2007-03-06 17:52:34','2004-01-16 03:44:28'),(45,'Jerad','Osinski','little.rose@example.com','458.934.8121x477','1989-09-27 02:38:09','2010-03-20 12:43:28'),(46,'Thea','Kris','zboncak.rachel@example.com','(224)909-5374x584','1995-10-15 08:08:59','1973-04-30 07:36:17'),(47,'Kim','Hermann','luella02@example.net','1-513-025-9945','1984-06-11 06:29:00','1992-07-06 18:48:36'),(48,'Geo','Douglas','dorris.murphy@example.com','1-884-142-3435x3889','1995-04-13 01:03:53','2017-12-23 13:51:30'),(49,'Mustafa','Herzog','kelvin90@example.net','00868709354','2007-03-14 17:01:54','1985-10-13 03:14:32'),(50,'Augustine','Lemke','rwaelchi@example.org','+41(5)3235105827','2019-04-05 18:49:53','2003-08-24 08:51:27'),(51,'Shakira','Johnston','jdurgan@example.com','(402)798-6992x3935','2017-09-29 02:21:24','2015-11-07 04:08:04'),(52,'Katelynn','Mante','haag.adrianna@example.org','1-321-215-7860','1970-07-12 02:03:41','1982-01-26 13:53:30'),(53,'Seamus','Rath','deion.dare@example.org','(492)836-3752x19973','2004-09-17 11:06:39','1977-01-12 07:12:29'),(54,'Rodolfo','Skiles','clay.hayes@example.net','804.874.2513','1980-01-18 12:41:03','1975-10-18 07:16:16'),(55,'Elissa','Mosciski','emmitt.gleichner@example.com','(443)981-5191x286','2012-10-10 18:45:33','1995-11-06 20:00:58'),(56,'Prudence','Effertz','tierra.beer@example.com','086-471-0586x2446','1990-10-17 18:05:15','1998-10-04 12:27:58'),(57,'Lew','Kessler','jarret11@example.org','146-621-0976','1972-02-14 05:14:52','1982-06-18 15:20:41'),(58,'Theodora','Konopelski','vgaylord@example.com','(618)171-8443','2006-02-10 06:58:31','1986-04-25 02:19:44'),(59,'Saul','Sporer','ulueilwitz@example.net','826.121.4809x400','2012-07-24 04:35:06','2020-01-06 22:08:39'),(60,'Bryce','Trantow','mcglynn.heidi@example.org','06804430180','2016-02-23 19:40:40','2013-11-14 11:26:05'),(61,'Lillian','Effertz','gcrist@example.org','(066)098-6341x487','2015-10-12 01:47:39','2011-12-07 11:23:19'),(62,'Aubree','Williamson','bud.muller@example.org','(949)512-1601x7739','2008-02-20 23:19:54','1981-05-06 20:03:09'),(63,'Jedediah','Wolff','fern54@example.net','08758979137','2015-06-15 03:23:05','2006-02-24 12:03:23'),(64,'Queen','Stanton','shannon18@example.org','868.394.8793x3018','1985-02-13 19:18:25','1980-08-06 14:29:23'),(65,'Matt','Koss','pupton@example.org','(272)651-3653x68795','2003-10-27 11:40:16','1977-04-06 16:41:29'),(66,'Norris','O\'Reilly','fanny.jaskolski@example.net','136.121.4324','2015-08-02 01:56:38','1983-02-04 11:07:16'),(67,'Thad','Hand','shanel.fay@example.com','(183)188-5482','1983-10-04 03:05:09','1976-09-03 01:24:57'),(68,'Melissa','Kuhlman','williamson.elva@example.com','(875)526-2061x4951','1991-06-16 12:30:26','1981-04-25 10:06:51'),(69,'Rosalinda','Jakubowski','zwisoky@example.net','+00(7)9190577874','1998-07-29 20:45:47','1980-11-28 14:10:25'),(70,'Elyse','Wilderman','rosenbaum.gordon@example.com','(996)545-1518x563','2003-11-24 20:47:58','2016-08-28 20:27:14'),(71,'Anibal','Strosin','gwolf@example.net','01694996829','1977-04-28 03:03:39','1999-11-20 04:53:41'),(72,'Francisca','Sauer','hal59@example.net','(938)414-1872x70622','1990-03-08 17:18:30','1986-03-29 09:23:33'),(73,'Lilliana','Walsh','taurean72@example.net','1-421-836-1270','2008-02-15 01:04:59','2007-12-12 18:57:26'),(74,'Lucienne','Gleason','emma71@example.org','518-468-5718','2012-03-21 00:18:06','1994-11-21 22:25:20'),(75,'Guy','Roberts','verona76@example.com','834-289-6583x864','2003-09-09 16:35:42','2001-08-10 10:52:23'),(76,'Kallie','Labadie','bins.nikita@example.net','07272460758','2009-03-27 13:14:07','2005-05-05 15:22:43'),(77,'Travon','Lesch','callie05@example.net','1-112-203-1337x72749','1987-07-23 03:16:00','1998-11-06 12:46:06'),(78,'Miller','Grady','brody.gottlieb@example.com','004-491-5922','1972-12-23 08:14:00','1971-08-18 10:30:00'),(79,'Tracy','Murray','macejkovic.lilly@example.net','(238)753-1515x43274','2016-01-07 08:33:32','1987-08-30 22:24:09'),(80,'Diego','Hane','fahey.celestine@example.net','1-726-039-3318','1999-01-20 20:05:54','2002-08-08 05:30:36'),(81,'Jany','Sanford','oda43@example.org','588-150-0140x6156','1975-04-08 07:12:45','1970-02-27 20:21:22'),(82,'Crawford','Crist','ngibson@example.net','334.969.5316x819','1999-08-12 05:21:05','2007-03-11 04:50:11'),(83,'Alaina','Kuhlman','trolfson@example.org','1-111-217-9736x564','1985-02-19 06:51:27','2009-03-01 09:46:28'),(84,'Nikko','Jaskolski','teresa.gaylord@example.com','718-093-5124x14964','1976-10-05 02:34:01','1999-10-21 03:27:16'),(85,'Donny','Little','meghan16@example.com','1-995-917-5233','1984-07-29 08:30:27','2000-03-17 21:15:34'),(86,'Jacynthe','Veum','ray.witting@example.org','04237768969','2007-03-30 05:32:50','1975-10-23 06:57:52'),(87,'Gisselle','Vandervort','bernier.jennyfer@example.com','08325406444','2000-10-31 00:18:07','1976-09-29 23:52:27'),(88,'Roselyn','Grant','thiel.macey@example.com','(012)186-2276x774','2005-07-04 04:07:40','1986-08-25 09:05:08'),(89,'Theresia','Anderson','brycen16@example.org','514-226-7051','2014-09-24 12:48:16','2000-09-23 03:25:46'),(90,'Lawson','Berge','tressie.grady@example.net','1-026-478-1971','2015-05-30 13:38:03','1985-02-22 23:12:55'),(91,'Ariane','Rosenbaum','rblock@example.com','855-694-7669x5911','1994-07-25 09:06:57','1994-03-30 08:10:14'),(92,'Mary','Reynolds','ostoltenberg@example.com','(619)632-0737x0656','2010-01-20 01:51:25','1972-01-17 03:44:35'),(93,'Assunta','Quigley','jacobson.bill@example.com','1-679-974-3317','1973-06-22 01:41:54','2007-04-21 21:50:03'),(94,'Elwin','Huels','raul.grimes@example.com','(727)446-5249','1984-06-30 13:18:08','1981-11-07 08:02:01'),(95,'Pearline','Ortiz','wbartell@example.org','1-517-717-3773x2765','1990-06-21 21:23:52','1979-08-28 22:52:31'),(96,'Arnaldo','Bailey','wehner.guiseppe@example.org','(215)004-7701x928','1995-03-13 00:47:35','2006-04-01 02:30:38'),(97,'Freddy','Lynch','waelchi.brayan@example.org','(489)239-1333x56829','1973-11-04 09:59:44','1999-09-10 22:13:39'),(98,'Alena','Willms','muriel.raynor@example.org','+63(9)2023154246','2010-04-28 17:13:07','2000-05-03 16:58:08'),(99,'April','Gutkowski','beulah.leannon@example.net','924.850.0559','1983-05-11 23:18:09','1992-04-19 21:03:35'),(100,'Gerard','Pfeffer','edwardo.hoeger@example.org','065-702-5904x301','2020-01-09 03:50:53','2016-03-01 00:54:15');
/*!40000 ALTER TABLE `users` ENABLE KEYS */;
UNLOCK TABLES;
/*!40103 SET TIME_ZONE=@OLD_TIME_ZONE */;

/*!40101 SET SQL_MODE=@OLD_SQL_MODE */;
/*!40014 SET FOREIGN_KEY_CHECKS=@OLD_FOREIGN_KEY_CHECKS */;
/*!40014 SET UNIQUE_CHECKS=@OLD_UNIQUE_CHECKS */;
/*!40101 SET CHARACTER_SET_CLIENT=@OLD_CHARACTER_SET_CLIENT */;
/*!40101 SET CHARACTER_SET_RESULTS=@OLD_CHARACTER_SET_RESULTS */;
/*!40101 SET COLLATION_CONNECTION=@OLD_COLLATION_CONNECTION */;
/*!40111 SET SQL_NOTES=@OLD_SQL_NOTES */;

-- Dump completed on 2020-06-09 15:53:05
